time,gps_lat,gps_lon,speed_mps,e2e_latency_5g_ms,ul_mbps_5g,dl_mbps_5g,bler_5g,jitter_5g_ms,loss_5g,e2e_latency_sat_ms,ul_mbps_sat,dl_mbps_sat,bler_sat,jitter_sat_ms,loss_sat
2026-02-18T12:00:00Z,44.840000,-0.580000,17.000,38.000,6.000,28.000,0.0050,3.000,0.0005,92.000,3.000,12.000,0.0100,12.000,0.0020
2026-02-18T12:00:01Z,44.840010,-0.579985,17.105,38.570,6.072,28.200,0.0054,3.133,0.0005,93.343,3.044,12.187,0.0107,12.381,0.0022
2026-02-18T12:00:02Z,44.840020,-0.579970,17.210,39.138,6.144,28.400,0.0057,3.266,0.0006,94.679,3.089,12.374,0.0115,12.761,0.0024
2026-02-18T12:00:03Z,44.840030,-0.579955,17.313,39.700,6.215,28.599,0.0061,3.397,0.0006,95.999,3.133,12.559,0.0122,13.139,0.0026
2026-02-18T12:00:04Z,44.840040,-0.579940,17.415,40.254,6.287,28.798,0.0064,3.527,0.0007,97.296,3.176,12.742,0.0130,13.515,0.0028
2026-02-18T12:00:05Z,44.840050,-0.579925,17.513,40.798,6.358,28.995,0.0068,3.654,0.0007,98.563,3.219,12.922,0.0137,13.887,0.0030
2026-02-18T12:00:06Z,44.840060,-0.579910,17.608,41.328,6.428,29.192,0.0072,3.779,0.0008,99.793,3.262,13.099,0.0144,14.255,0.0032
2026-02-18T12:00:07Z,44.840070,-0.579895,17.699,41.843,6.497,29.387,0.0075,3.900,0.0008,100.979,3.303,13.271,0.0151,14.618,0.0034
2026-02-18T12:00:08Z,44.840080,-0.579880,17.786,42.339,6.566,29.581,0.0078,4.017,0.0009,102.115,3.344,13.438,0.0158,14.974,0.0036
2026-02-18T12:00:09Z,44.840090,-0.579865,17.867,42.816,6.634,29.773,0.0082,4.129,0.0009,103.195,3.384,13.600,0.0165,15.325,0.0038
2026-02-18T12:00:10Z,44.840100,-0.579850,17.943,43.270,6.701,29.963,0.0085,4.237,0.0010,104.214,3.422,13.755,0.0172,15.667,0.0040
2026-02-18T12:00:11Z,44.840110,-0.579835,18.013,43.699,6.767,30.151,0.0088,4.339,0.0010,105.168,3.459,13.904,0.0179,16.001,0.0042
2026-02-18T12:00:12Z,44.840120,-0.579820,18.077,44.103,6.831,30.337,0.0092,4.435,0.0011,106.051,3.495,14.045,0.0186,16.327,0.0044
2026-02-18T12:00:13Z,44.840130,-0.579805,18.135,44.478,6.894,30.519,0.0095,4.524,0.0011,106.861,3.529,14.178,0.0193,16.642,0.0045
2026-02-18T12:00:14Z,44.840140,-0.579790,18.186,44.824,6.956,30.699,0.0098,4.607,0.0011,107.595,3.561,14.303,0.0199,16.947,0.0047
2026-02-18T12:00:15Z,44.840150,-0.579775,18.230,45.138,7.016,30.877,0.0100,4.683,0.0012,108.251,3.592,14.418,0.0205,17.241,0.0048
2026-02-18T12:00:16Z,44.840160,-0.579760,18.268,45.421,7.075,31.050,0.0103,4.751,0.0012,108.827,3.621,14.524,0.0212,17.522,0.0050
2026-02-18T12:00:17Z,44.840170,-0.579745,18.300,45.671,7.132,31.221,0.0106,4.812,0.0013,109.322,3.648,14.621,0.0218,17.792,0.0051
2026-02-18T12:00:18Z,44.840180,-0.579730,18.325,45.886,7.187,31.388,0.0108,4.864,0.0013,109.737,3.673,14.707,0.0224,18.048,0.0052
2026-02-18T12:00:19Z,44.840190,-0.579715,18.343,46.067,7.240,31.551,0.0111,4.908,0.0013,110.072,3.696,14.782,0.0229,18.290,0.0054
2026-02-18T12:00:20Z,44.840200,-0.579700,18.356,46.212,7.291,31.710,0.0113,4.944,0.0013,110.327,3.717,14.847,0.0235,18.518,0.0055
2026-02-18T12:00:21Z,44.840210,-0.579685,18.364,46.323,7.340,31.865,0.0115,4.971,0.0014,110.506,3.736,14.900,0.0240,18.732,0.0056
2026-02-18T12:00:22Z,44.840220,-0.579670,18.366,46.398,7.387,32.016,0.0117,4.989,0.0014,110.610,3.752,14.943,0.0246,18.930,0.0057
2026-02-18T12:00:23Z,44.840230,-0.579655,18.364,46.437,7.432,32.162,0.0119,4.999,0.0014,110.642,3.766,14.973,0.0251,19.112,0.0057
2026-02-18T12:00:24Z,44.840240,-0.579640,18.358,46.442,7.475,32.304,0.0121,4.999,0.0014,110.606,3.778,14.992,0.0255,19.279,0.0058
2026-02-18T12:00:25Z,44.840250,-0.579625,18.348,46.412,7.515,32.441,0.0123,4.991,0.0014,110.505,3.787,15.000,0.0260,19.428,0.0059
2026-02-18T12:00:26Z,44.840260,-0.579610,18.335,46.348,7.552,32.573,0.0124,4.974,0.0015,110.344,3.794,14.996,0.0264,19.561,0.0059
2026-02-18T12:00:27Z,44.840270,-0.579595,18.320,46.251,7.588,32.700,0.0125,4.948,0.0015,110.128,3.798,14.980,0.0268,19.677,0.0060
2026-02-18T12:00:28Z,44.840280,-0.579580,18.304,46.122,7.620,32.822,0.0126,4.913,0.0015,109.860,3.800,14.952,0.0272,19.776,0.0060
2026-02-18T12:00:29Z,44.840290,-0.579565,18.286,45.962,7.650,32.938,0.0127,4.870,0.0015,109.547,3.799,14.913,0.0276,19.856,0.0060
2026-02-18T12:00:30Z,44.840300,-0.579550,18.268,45.773,7.678,33.049,0.0128,4.819,0.0015,109.193,3.796,14.862,0.0279,19.919,0.0060
2026-02-18T12:00:31Z,44.840310,-0.579535,18.250,45.556,7.702,33.154,0.0129,4.759,0.0015,108.803,3.791,14.801,0.0282,19.964,0.0060
2026-02-18T12:00:32Z,44.840320,-0.579520,18.234,45.311,7.724,33.254,0.0129,4.692,0.0015,108.383,3.783,14.728,0.0285,19.991,0.0060
2026-02-18T12:00:33Z,44.840330,-0.579505,18.218,45.042,7.744,33.347,0.0130,4.617,0.0015,107.938,3.773,14.645,0.0288,20.000,0.0059
2026-02-18T12:00:34Z,44.840340,-0.579490,18.205,44.750,7.760,33.435,0.0130,4.535,0.0015,107.473,3.760,14.551,0.0290,19.991,0.0059
2026-02-18T12:00:35Z,44.840350,-0.579475,18.195,44.437,7.774,33.517,0.0130,4.446,0.0015,106.993,3.745,14.447,0.0293,19.963,0.0059
2026-02-18T12:00:36Z,44.840360,-0.579460,18.188,44.104,7.785,33.592,0.0130,4.351,0.0015,106.502,3.727,14.334,0.0294,19.918,0.0058
2026-02-18T12:00:37Z,44.840370,-0.579445,18.185,43.753,7.793,33.662,0.0130,4.250,0.0015,106.005,3.708,14.212,0.0296,19.854,0.0057
2026-02-18T12:00:38Z,44.840380,-0.579430,18.186,43.387,7.798,33.725,0.0129,4.143,0.0014,105.504,3.686,14.081,0.0297,19.773,0.0056
2026-02-18T12:00:39Z,44.840390,-0.579415,18.191,43.008,7.800,33.781,0.0128,4.031,0.0014,105.005,3.662,13.942,0.0298,19.674,0.0055
2026-02-18T12:00:40Z,44.840400,-0.579400,18.201,42.617,7.799,33.832,0.0128,3.915,0.0014,104.510,3.636,13.795,0.0299,19.558,0.0054
2026-02-18T12:00:41Z,44.840410,-0.579385,18.216,42.217,7.796,33.875,0.0127,3.794,0.0014,104.022,3.608,13.642,0.0300,19.425,0.0053
2026-02-18T12:00:42Z,44.840420,-0.579370,18.235,41.809,7.789,33.913,0.0125,3.670,0.0014,103.542,3.578,13.482,0.0300,19.274,0.0052
2026-02-18T12:00:43Z,44.840430,-0.579355,18.260,41.397,7.780,33.943,0.0124,3.543,0.0013,103.073,3.547,13.316,0.0300,19.108,0.0051
2026-02-18T12:00:44Z,44.840440,-0.579340,18.290,40.981,7.768,33.968,0.0123,3.414,0.0013,102.615,3.514,13.145,0.0300,18.925,0.0049
2026-02-18T12:00:45Z,44.840450,-0.579325,18.325,40.563,7.753,33.985,0.0121,3.282,0.0013,102.170,3.479,12.970,0.0299,18.726,0.0048
2026-02-18T12:00:46Z,44.840460,-0.579310,18.365,40.146,7.735,33.996,0.0119,3.150,0.0012,101.736,3.442,12.790,0.0298,18.513,0.0046
2026-02-18T12:00:47Z,44.840470,-0.579295,18.409,39.732,7.715,34.000,0.0118,3.017,0.0012,101.315,3.405,12.608,0.0297,18.284,0.0045
2026-02-18T12:00:48Z,44.840480,-0.579280,18.457,39.321,7.691,33.997,0.0116,3.117,0.0012,100.905,3.366,12.423,0.0296,18.041,0.0043
2026-02-18T12:00:49Z,44.840490,-0.579265,18.510,38.916,7.665,33.988,0.0113,3.249,0.0011,100.505,3.326,12.237,0.0294,17.785,0.0041
2026-02-18T12:00:50Z,44.840500,-0.579250,18.565,38.519,7.637,33.972,0.0111,3.381,0.0011,100.112,3.285,12.050,0.0292,17.515,0.0040
2026-02-18T12:00:51Z,44.840510,-0.579235,18.624,38.130,7.605,33.950,0.0109,3.511,0.0011,99.726,3.243,12.138,0.0290,17.233,0.0038
2026-02-18T12:00:52Z,44.840520,-0.579220,18.685,37.750,7.572,33.921,0.0106,3.639,0.0010,99.342,3.200,12.325,0.0288,16.939,0.0036
2026-02-18T12:00:53Z,44.840530,-0.579205,18.748,37.382,7.535,33.885,0.0103,3.764,0.0010,98.960,3.157,12.510,0.0285,16.634,0.0034
2026-02-18T12:00:54Z,44.840540,-0.579190,18.812,37.026,7.496,33.843,0.0101,3.885,0.0009,98.575,3.113,12.694,0.0282,16.318,0.0032
2026-02-18T12:00:55Z,44.840550,-0.579175,18.876,36.684,7.455,33.794,0.0098,4.003,0.0009,98.185,3.069,12.875,0.0279,15.993,0.0030
2026-02-18T12:00:56Z,44.840560,-0.579160,18.940,36.355,7.412,33.739,0.0095,4.116,0.0008,97.786,3.024,13.052,0.0275,15.658,0.0028
2026-02-18T12:00:57Z,44.840570,-0.579145,19.004,36.392,7.366,33.678,0.0092,4.224,0.0008,97.375,3.020,13.226,0.0272,15.315,0.0026
2026-02-18T12:00:58Z,44.840580,-0.579130,19.066,36.870,7.318,33.610,0.0089,4.326,0.0007,96.949,3.064,13.394,0.0268,14.965,0.0024
2026-02-18T12:00:59Z,44.840590,-0.579115,19.125,37.360,7.268,33.536,0.0085,4.423,0.0007,96.504,3.109,13.558,0.0263,14.608,0.0021
2026-02-18T12:01:00Z,44.840600,-0.579100,19.182,37.860,7.216,33.456,0.0082,4.514,0.0006,96.037,3.152,13.715,0.0259,14.245,0.0021
2026-02-18T12:01:01Z,44.840610,-0.579085,19.235,38.368,7.162,33.370,0.0079,4.597,0.0006,95.545,3.196,13.865,0.0254,13.877,0.0023
2026-02-18T12:01:02Z,44.840620,-0.579070,19.284,38.882,7.106,33.277,0.0075,4.674,0.0005,95.026,3.239,14.008,0.0250,13.505,0.0025
2026-02-18T12:01:03Z,44.840630,-0.579055,19.328,39.400,7.048,33.179,0.0072,4.743,0.0005,94.779,3.281,14.143,0.0245,13.129,0.0027
2026-02-18T12:01:04Z,44.840640,-0.579040,19.367,39.919,6.989,33.075,0.0068,4.805,0.0006,95.997,3.322,14.270,0.0239,12.751,0.0029
2026-02-18T12:01:05Z,44.840650,-0.579025,19.401,40.436,6.928,32.966,0.0065,4.858,0.0006,97.175,3.362,14.388,0.0234,12.371,0.0031
2026-02-18T12:01:06Z,44.840660,-0.579010,19.427,40.950,6.865,32.851,0.0061,4.903,0.0007,98.309,3.401,14.497,0.0228,12.010,0.0033
2026-02-18T12:01:07Z,44.840670,-0.578995,19.448,41.458,6.802,32.731,0.0058,4.940,0.0007,99.393,3.439,14.596,0.0223,12.391,0.0035
2026-02-18T12:01:08Z,44.840680,-0.578980,19.461,41.957,6.737,32.605,0.0054,4.968,0.0008,100.423,3.475,14.685,0.0217,12.771,0.0037
2026-02-18T12:01:09Z,44.840690,-0.578965,19.468,42.444,6.670,32.474,0.0050,4.987,0.0008,101.394,3.510,14.763,0.0211,13.149,0.0039
2026-02-18T12:01:10Z,44.840700,-0.578950,19.467,42.918,6.603,32.339,0.0053,4.998,0.0009,102.302,3.544,14.831,0.0204,13.525,0.0041
2026-02-18T12:01:11Z,44.840710,-0.578935,19.458,43.376,6.535,32.198,0.0057,5.000,0.0009,103.146,3.575,14.887,0.0198,13.897,0.0042
2026-02-18T12:01:12Z,44.840720,-0.578920,19.442,43.816,6.466,32.053,0.0060,4.992,0.0009,103.923,3.605,14.933,0.0191,14.264,0.0044
2026-02-18T12:01:13Z,44.840730,-0.578905,19.419,44.235,6.396,31.903,0.0064,4.976,0.0010,104.631,3.634,14.966,0.0185,14.627,0.0046
2026-02-18T12:01:14Z,44.840740,-0.578890,19.389,44.632,6.325,31.749,0.0068,4.951,0.0010,105.269,3.660,14.989,0.0178,14.984,0.0047
2026-02-18T12:01:15Z,44.840750,-0.578875,19.352,45.003,6.254,31.591,0.0071,4.918,0.0011,105.837,3.684,14.999,0.0171,15.334,0.0049
2026-02-18T12:01:16Z,44.840760,-0.578860,19.308,45.347,6.183,31.429,0.0075,4.876,0.0011,106.336,3.706,14.998,0.0164,15.676,0.0050
2026-02-18T12:01:17Z,44.840770,-0.578845,19.258,45.663,6.111,31.263,0.0078,4.825,0.0012,106.767,3.726,14.985,0.0157,16.010,0.0052
2026-02-18T12:01:18Z,44.840780,-0.578830,19.202,45.949,6.039,31.093,0.0081,4.767,0.0012,107.130,3.743,14.960,0.0150,16.335,0.0053
2026-02-18T12:01:19Z,44.840790,-0.578815,19.140,46.202,6.033,30.920,0.0085,4.701,0.0012,107.429,3.759,14.924,0.0143,16.650,0.0054
2026-02-18T12:01:20Z,44.840800,-0.578800,19.074,46.422,6.105,30.744,0.0088,4.627,0.0013,107.665,3.771,14.877,0.0136,16.955,0.0055
2026-02-18T12:01:21Z,44.840810,-0.578785,19.003,46.607,6.177,30.564,0.0091,4.546,0.0013,107.842,3.782,14.818,0.0128,17.248,0.0056
2026-02-18T12:01:22Z,44.840820,-0.578770,18.929,46.757,6.248,30.382,0.0094,4.458,0.0013,107.963,3.790,14.748,0.0121,17.530,0.0057
2026-02-18T12:01:23Z,44.840830,-0.578755,18.852,46.870,6.319,30.197,0.0097,4.363,0.0013,108.032,3.796,14.668,0.0113,17.799,0.0058
2026-02-18T12:01:24Z,44.840840,-0.578740,18.772,46.946,6.390,30.010,0.0100,4.263,0.0014,108.054,3.799,14.577,0.0106,18.054,0.0058
2026-02-18T12:01:25Z,44.840850,-0.578725,18.691,46.984,6.460,29.820,0.0103,4.156,0.0014,108.031,3.800,14.476,0.0101,18.296,0.0059
2026-02-18T12:01:26Z,44.840860,-0.578710,18.609,46.984,6.529,29.629,0.0106,4.045,0.0014,107.969,3.798,14.365,0.0109,18.524,0.0059
2026-02-18T12:01:27Z,44.840870,-0.578695,18.526,46.946,6.598,29.435,0.0108,3.929,0.0014,107.873,3.794,14.245,0.0116,18.737,0.0060
2026-02-18T12:01:28Z,44.840880,-0.578680,18.444,46.870,6.665,29.241,0.0111,3.809,0.0015,107.746,3.788,14.117,0.0123,18.935,0.0060
2026-02-18T12:01:29Z,44.840890,-0.578665,18.363,46.756,6.731,29.044,0.0113,3.686,0.0015,107.593,3.779,13.980,0.0131,19.117,0.0060
2026-02-18T12:01:30Z,44.840900,-0.578650,18.284,46.606,6.797,28.847,0.0115,3.559,0.0015,107.419,3.767,13.835,0.0138,19.283,0.0060
2026-02-18T12:01:31Z,44.840910,-0.578635,18.207,46.419,6.860,28.648,0.0117,3.430,0.0015,107.228,3.753,13.683,0.0145,19.432,0.0060
2026-02-18T12:01:32Z,44.840920,-0.578620,18.134,46.197,6.923,28.449,0.0119,3.299,0.0015,107.024,3.737,13.525,0.0153,19.565,0.0060
2026-02-18T12:01:33Z,44.840930,-0.578605,18.063,45.940,6.984,28.249,0.0121,3.166,0.0015,106.811,3.719,13.360,0.0160,19.680,0.0059
2026-02-18T12:01:34Z,44.840940,-0.578590,17.997,45.650,7.044,28.050,0.0122,3.033,0.0015,106.591,3.698,13.191,0.0167,19.778,0.0059
2026-02-18T12:01:35Z,44.840950,-0.578575,17.935,45.329,7.101,28.150,0.0124,3.100,0.0015,106.368,3.676,13.017,0.0174,19.858,0.0058
2026-02-18T12:01:36Z,44.840960,-0.578560,17.878,44.978,7.157,28.350,0.0125,3.233,0.0015,106.145,3.651,12.838,0.0180,19.921,0.0058
2026-02-18T12:01:37Z,44.840970,-0.578545,17.825,44.599,7.212,28.550,0.0126,3.365,0.0015,105.924,3.624,12.657,0.0187,19.965,0.0057
2026-02-18T12:01:38Z,44.840980,-0.578530,17.778,44.193,7.264,28.748,0.0127,3.495,0.0015,105.707,3.595,12.473,0.0194,19.992,0.0056
2026-02-18T12:01:39Z,44.840990,-0.578515,17.737,43.763,7.314,28.946,0.0128,3.623,0.0015,105.494,3.564,12.287,0.0200,20.000,0.0055
2026-02-18T12:01:40Z,44.841000,-0.578500,17.700,43.311,7.362,29.143,0.0129,3.748,0.0015,105.287,3.532,12.100,0.0207,19.990,0.0054
2026-02-18T12:01:41Z,44.841010,-0.578485,17.669,42.839,7.408,29.339,0.0129,3.870,0.0014,105.086,3.498,12.088,0.0213,19.962,0.0053
2026-02-18T12:01:42Z,44.841020,-0.578470,17.644,42.350,7.452,29.533,0.0130,3.988,0.0014,104.891,3.463,12.275,0.0219,19.916,0.0052
2026-02-18T12:01:43Z,44.841030,-0.578455,17.623,41.846,7.493,29.726,0.0130,4.102,0.0014,104.700,3.426,12.461,0.0225,19.852,0.0050
2026-02-18T12:01:44Z,44.841040,-0.578440,17.607,41.330,7.532,29.916,0.0130,4.211,0.0014,104.513,3.387,12.645,0.0230,19.771,0.0049
2026-02-18T12:01:45Z,44.841050,-0.578425,17.596,40.803,7.569,30.105,0.0130,4.314,0.0014,104.328,3.348,12.827,0.0236,19.671,0.0047
2026-02-18T12:01:46Z,44.841060,-0.578410,17.589,40.269,7.603,30.291,0.0130,4.412,0.0013,104.143,3.307,13.006,0.0241,19.555,0.0046
2026-02-18T12:01:47Z,44.841070,-0.578395,17.586,39.730,7.634,30.474,0.0129,4.503,0.0013,103.956,3.266,13.180,0.0246,19.421,0.0044
2026-02-18T12:01:48Z,44.841080,-0.578380,17.586,39.189,7.663,30.655,0.0128,4.587,0.0013,103.763,3.224,13.350,0.0251,19.270,0.0043
2026-02-18T12:01:49Z,44.841090,-0.578365,17.589,38.648,7.689,30.833,0.0128,4.665,0.0012,103.563,3.181,13.515,0.0256,19.103,0.0041
2026-02-18T12:01:50Z,44.841100,-0.578350,17.595,38.111,7.713,31.008,0.0127,4.735,0.0012,103.350,3.137,13.674,0.0261,18.920,0.0039
2026-02-18T12:01:51Z,44.841110,-0.578335,17.601,37.578,7.734,31.179,0.0126,4.797,0.0012,103.123,3.093,13.826,0.0265,18.721,0.0037
2026-02-18T12:01:52Z,44.841120,-0.578320,17.609,37.053,7.752,31.347,0.0124,4.852,0.0011,102.876,3.049,13.971,0.0269,18.507,0.0035
2026-02-18T12:01:53Z,44.841130,-0.578305,17.617,36.538,7.767,31.511,0.0123,4.898,0.0011,102.608,3.004,14.108,0.0273,18.278,0.0033
2026-02-18T12:01:54Z,44.841140,-0.578290,17.625,36.737,7.779,31.671,0.0121,4.936,0.0011,102.313,3.040,14.238,0.0276,18.035,0.0031
2026-02-18T12:01:55Z,44.841150,-0.578275,17.632,37.024,7.789,31.827,0.0120,4.965,0.0010,101.988,3.084,14.358,0.0280,17.778,0.0029
2026-02-18T12:01:56Z,44.841160,-0.578260,17.637,37.323,7.795,31.979,0.0118,4.985,0.0010,101.631,3.128,14.469,0.0283,17.508,0.0027
2026-02-18T12:01:57Z,44.841170,-0.578245,17.640,37.633,7.799,32.127,0.0116,4.997,0.0009,101.236,3.172,14.571,0.0286,17.225,0.0025
2026-02-18T12:01:58Z,44.841180,-0.578230,17.640,37.955,7.800,32.269,0.0114,5.000,0.0009,100.803,3.215,14.662,0.0288,16.931,0.0023
2026-02-18T12:01:59Z,44.841190,-0.578215,17.637,38.286,7.798,32.408,0.0111,4.994,0.0008,100.326,3.258,14.744,0.0291,16.626,0.0021
2026-02-18T12:02:00Z,44.841200,-0.578200,17.629,,,,,,,99.805,3.299,14.814,0.0293,16.310,0.0021
2026-02-18T12:02:01Z,44.841210,-0.578185,17.617,,,,,,,99.237,3.340,14.873,0.0295,15.984,0.0023
2026-02-18T12:02:02Z,44.841220,-0.578170,17.601,,,,,,,98.621,3.380,14.922,0.0296,15.649,0.0025
2026-02-18T12:02:03Z,44.841230,-0.578155,17.579,,,,,,,97.956,3.418,14.959,0.0298,15.306,0.0028
2026-02-18T12:02:04Z,44.841240,-0.578140,17.551,,,,,,,97.240,3.455,14.984,0.0299,14.956,0.0030
2026-02-18T12:02:05Z,44.841250,-0.578125,17.518,,,,,,,96.475,3.491,14.997,0.0299,14.598,0.0032
2026-02-18T12:02:06Z,44.841260,-0.578110,17.478,,,,,,,96.265,3.526,14.999,0.0300,14.235,0.0034
2026-02-18T12:02:07Z,44.841270,-0.578095,17.433,,,,,,,97.200,3.558,14.990,0.0300,13.867,0.0036
2026-02-18T12:02:08Z,44.841280,-0.578080,17.381,,,,,,,98.083,3.589,14.968,0.0300,13.495,0.0038
2026-02-18T12:02:09Z,44.841290,-0.578065,17.324,,,,,,,98.912,3.618,14.935,0.0300,13.119,0.0039
2026-02-18T12:02:10Z,44.841300,-0.578050,17.260,,,,,,,99.685,3.646,14.890,0.0299,12.741,0.0041
2026-02-18T12:02:11Z,44.841310,-0.578035,17.191,,,,,,,100.401,3.671,14.835,0.0298,12.361,0.0043
2026-02-18T12:02:12Z,44.841320,-0.578020,17.116,,,,,,,101.060,3.694,14.768,0.0297,12.020,0.0045
2026-02-18T12:02:13Z,44.841330,-0.578005,17.036,,,,,,,101.663,3.715,14.690,0.0295,12.401,0.0046
2026-02-18T12:02:14Z,44.841340,-0.577990,16.951,,,,,,,102.209,3.734,14.602,0.0294,12.781,0.0048
2026-02-18T12:02:15Z,44.841350,-0.577975,16.863,,,,,,,102.702,3.750,14.504,0.0292,13.159,0.0049
2026-02-18T12:02:16Z,44.841360,-0.577960,16.770,,,,,,,103.142,3.765,14.395,0.0290,13.534,0.0051
2026-02-18T12:02:17Z,44.841370,-0.577945,16.674,,,,,,,103.533,3.777,14.278,0.0287,13.906,0.0052
2026-02-18T12:02:18Z,44.841380,-0.577930,16.576,,,,,,,103.876,3.786,14.152,0.0284,14.274,0.0053
2026-02-18T12:02:19Z,44.841390,-0.577915,16.476,,,,,,,104.175,3.793,14.017,0.0281,14.637,0.0054
2026-02-18T12:02:20Z,44.841400,-0.577900,16.374,,,,,,,104.433,3.798,13.874,0.0278,14.993,0.0055
2026-02-18T12:02:21Z,44.841410,-0.577885,16.272,,,,,,,104.654,3.800,13.724,0.0275,15.343,0.0056
2026-02-18T12:02:22Z,44.841420,-0.577870,16.171,,,,,,,104.842,3.800,13.567,0.0271,15.685,0.0057
2026-02-18T12:02:23Z,44.841430,-0.577855,16.070,,,,,,,105.001,3.797,13.405,0.0267,16.019,0.0058
2026-02-18T12:02:24Z,44.841440,-0.577840,15.971,,,,,,,105.134,3.791,13.236,0.0263,16.344,0.0058
2026-02-18T12:02:25Z,44.841450,-0.577825,15.874,,,,,,,105.246,3.784,13.063,0.0258,16.659,0.0059
2026-02-18T12:02:26Z,44.841460,-0.577810,15.780,,,,,,,105.340,3.774,12.886,0.0254,16.963,0.0059
2026-02-18T12:02:27Z,44.841470,-0.577795,15.690,,,,,,,105.420,3.761,12.705,0.0249,17.256,0.0060
2026-02-18T12:02:28Z,44.841480,-0.577780,15.604,,,,,,,105.490,3.746,12.522,0.0244,17.537,0.0060
2026-02-18T12:02:29Z,44.841490,-0.577765,15.523,,,,,,,105.552,3.729,12.336,0.0238,17.806,0.0060
2026-02-18T12:02:30Z,44.841500,-0.577750,15.448,,,,,,,105.610,3.710,12.149,0.0233,18.061,0.0060
2026-02-18T12:02:31Z,44.841510,-0.577735,15.378,,,,,,,105.666,3.688,12.038,0.0227,18.303,0.0060
2026-02-18T12:02:32Z,44.841520,-0.577720,15.314,,,,,,,105.723,3.665,12.225,0.0222,18.530,0.0060
2026-02-18T12:02:33Z,44.841530,-0.577705,15.256,,,,,,,105.781,3.639,12.412,0.0216,18.743,0.0059
2026-02-18T12:02:34Z,44.841540,-0.577690,15.206,,,,,,,105.843,3.611,12.597,0.0210,18.940,0.0059
2026-02-18T12:02:35Z,44.841550,-0.577675,15.162,,,,,,,105.909,3.581,12.779,0.0203,19.122,0.0058
2026-02-18T12:02:36Z,44.841560,-0.577660,15.125,,,,,,,105.980,3.550,12.959,0.0197,19.287,0.0057
2026-02-18T12:02:37Z,44.841570,-0.577645,15.095,,,,,,,106.055,3.517,13.134,0.0190,19.436,0.0057
2026-02-18T12:02:38Z,44.841580,-0.577630,15.073,,,,,,,106.133,3.482,13.305,0.0184,19.568,0.0056
2026-02-18T12:02:39Z,44.841590,-0.577615,15.057,,,,,,,106.214,3.446,13.472,0.0177,19.683,0.0055
2026-02-18T12:02:40Z,44.841600,-0.577600,15.047,,,,,,,106.296,3.408,13.632,0.0170,19.780,0.0054
2026-02-18T12:02:41Z,44.841610,-0.577585,15.044,,,,,,,106.377,3.370,13.786,0.0163,19.860,0.0053
2026-02-18T12:02:42Z,44.841620,-0.577570,15.047,,,,,,,106.454,3.330,13.933,0.0156,19.922,0.0051
2026-02-18T12:02:43Z,44.841630,-0.577555,15.056,,,,,,,106.525,3.289,14.073,0.0149,19.966,0.0050
2026-02-18T12:02:44Z,44.841640,-0.577540,15.070,,,,,,,106.585,3.247,14.204,0.0142,19.992,0.0049
2026-02-18T12:02:45Z,44.841650,-0.577525,15.088,,,,,,,106.632,3.204,14.327,0.0134,20.000,0.0047
2026-02-18T12:02:46Z,44.841660,-0.577510,15.111,,,,,,,106.663,3.161,14.441,0.0127,19.990,0.0045
2026-02-18T12:02:47Z,44.841670,-0.577495,15.137,,,,,,,106.672,3.117,14.545,0.0120,19.961,0.0044
2026-02-18T12:02:48Z,44.841680,-0.577480,15.166,,,,,,,106.655,3.073,14.639,0.0112,19.915,0.0042
2026-02-18T12:02:49Z,44.841690,-0.577465,15.197,,,,,,,106.610,3.029,14.723,0.0105,19.850,0.0040
2026-02-18T12:02:50Z,44.841700,-0.577450,15.230,,,,,,,106.530,3.016,14.796,0.0103,19.768,0.0038
2026-02-18T12:02:51Z,44.841710,-0.577435,15.263,,,,,,,106.413,3.060,14.859,0.0110,19.669,0.0036
2026-02-18T12:02:52Z,44.841720,-0.577420,15.297,,,,,,,106.253,3.104,14.910,0.0117,19.551,0.0035
2026-02-18T12:02:53Z,44.841730,-0.577405,15.330,,,,,,,106.048,3.148,14.950,0.0125,19.417,0.0033
2026-02-18T12:02:54Z,44.841740,-0.577390,15.362,,,,,,,105.794,3.192,14.978,0.0132,19.266,0.0031
2026-02-18T12:02:55Z,44.841750,-0.577375,15.393,,,,,,,105.487,3.234,14.995,0.0139,19.098,0.0029
2026-02-18T12:02:56Z,44.841760,-0.577360,15.421,,,,,,,105.124,3.277,15.000,0.0147,18.915,0.0026
2026-02-18T12:02:57Z,44.841770,-0.577345,15.447,,,,,,,104.702,3.318,14.993,0.0154,18.715,0.0024
2026-02-18T12:02:58Z,44.841780,-0.577330,15.469,,,,,,,104.221,3.358,14.975,0.0161,18.501,0.0022
2026-02-18T12:02:59Z,44.841790,-0.577315,15.487,,,,,,,103.677,3.397,14.945,0.0168,18.271,0.0020
2026-02-18T12:03:00Z,44.841800,-0.577300,15.501,40.589,7.429,29.676,0.0126,4.073,0.0009,103.070,3.435,14.903,0.0175,18.028,0.0022
2026-02-18T12:03:01Z,44.841810,-0.577285,15.511,40.770,7.471,29.484,0.0124,3.958,0.0009,102.399,3.472,14.851,0.0182,17.771,0.0024
2026-02-18T12:03:02Z,44.841820,-0.577270,15.517,40.950,7.512,29.289,0.0123,3.839,0.0008,101.666,3.507,14.787,0.0188,17.500,0.0026
2026-02-18T12:03:03Z,44.841830,-0.577255,15.517,41.128,7.549,29.093,0.0122,3.716,0.0008,100.869,3.541,14.712,0.0195,17.218,0.0028
2026-02-18T12:03:04Z,44.841840,-0.577240,15.512,41.306,7.585,28.896,0.0120,3.590,0.0007,100.011,3.572,14.626,0.0201,16.923,0.0030
2026-02-18T12:03:05Z,44.841850,-0.577225,15.503,41.481,7.618,28.698,0.0118,3.462,0.0007,99.094,3.603,14.531,0.0208,16.617,0.0032
2026-02-18T12:03:06Z,44.841860,-0.577210,15.489,41.655,7.648,28.499,0.0116,3.331,0.0006,98.119,3.631,14.425,0.0214,16.301,0.0034
2026-02-18T12:03:07Z,44.841870,-0.577195,15.470,41.828,7.676,28.299,0.0114,3.199,0.0006,97.092,3.657,14.310,0.0220,15.975,0.0036
2026-02-18T12:03:08Z,44.841880,-0.577180,15.446,41.999,7.701,28.099,0.0112,3.066,0.0005,96.015,3.682,14.186,0.0226,15.640,0.0038
2026-02-18T12:03:09Z,44.841890,-0.577165,15.418,42.167,7.723,28.101,0.0109,3.067,0.0005,95.801,3.704,14.053,0.0231,15.297,0.0040
2026-02-18T12:03:10Z,44.841900,-0.577150,15.387,42.333,7.742,28.301,0.0107,3.200,0.0006,96.436,3.724,13.913,0.0237,14.946,0.0042
2026-02-18T12:03:11Z,44.841910,-0.577135,15.352,42.496,7.759,28.500,0.0104,3.332,0.0006,97.030,3.742,13.765,0.0242,14.589,0.0043
2026-02-18T12:03:12Z,44.841920,-0.577120,15.313,42.656,7.773,28.699,0.0101,3.463,0.0007,97.583,3.757,13.610,0.0247,14.226,0.0045
2026-02-18T12:03:13Z,44.841930,-0.577105,15.273,42.811,7.784,28.898,0.0099,3.592,0.0007,98.099,3.770,13.448,0.0252,13.857,0.0047
2026-02-18T12:03:14Z,44.841940,-0.577090,15.230,42.961,7.792,29.095,0.0096,3.718,0.0008,98.579,3.781,13.282,0.0257,13.485,0.0048
2026-02-18T12:03:15Z,44.841950,-0.577075,15.186,43.106,7.797,29.291,0.0093,3.840,0.0008,99.027,3.789,13.110,0.0261,13.109,0.0050
2026-02-18T12:03:16Z,44.841960,-0.577060,15.141,43.244,7.800,29.485,0.0089,3.959,0.0009,99.444,3.795,12.933,0.0266,12.731,0.0051
2026-02-18T12:03:17Z,44.841970,-0.577045,15.096,43.375,7.799,29.678,0.0086,4.074,0.0009,99.834,3.799,12.753,0.0270,12.350,0.0052
2026-02-18T12:03:18Z,44.841980,-0.577030,15.052,43.498,7.796,29.869,0.0083,4.184,0.0010,100.200,3.800,12.571,0.0273,12.030,0.0054
2026-02-18T12:03:19Z,44.841990,-0.577015,15.009,43.612,7.790,30.058,0.0080,4.289,0.0010,100.547,3.799,12.386,0.0277,12.411,0.0055
2026-02-18T12:03:20Z,44.842000,-0.577000,14.968,43.715,7.781,30.245,0.0076,4.388,0.0010,100.876,3.795,12.199,0.0280,12.791,0.0056
2026-02-18T12:03:21Z,44.842010,-0.576985,14.929,43.807,7.769,30.429,0.0073,4.481,0.0011,101.193,3.788,12.012,0.0283,13.169,0.0057
2026-02-18T12:03:22Z,44.842020,-0.576970,14.894,43.887,7.754,30.611,0.0069,4.567,0.0011,101.500,3.780,12.176,0.0286,13.544,0.0057
2026-02-18T12:03:23Z,44.842030,-0.576955,14.863,43.953,7.737,30.789,0.0066,4.646,0.0012,101.800,3.768,12.363,0.0289,13.916,0.0058
2026-02-18T12:03:24Z,44.842040,-0.576940,14.836,44.006,7.716,30.965,0.0062,4.718,0.0012,102.097,3.755,12.548,0.0291,14.284,0.0059
2026-02-18T12:03:25Z,44.842050,-0.576925,14.814,44.042,7.693,31.137,0.0059,4.783,0.0012,102.393,3.739,12.731,0.0293,14.646,0.0059
2026-02-18T12:03:26Z,44.842060,-0.576910,14.798,44.063,7.668,31.306,0.0055,4.839,0.0013,102.691,3.721,12.911,0.0295,15.003,0.0060
2026-02-18T12:03:27Z,44.842070,-0.576895,14.787,44.065,7.639,31.471,0.0051,4.887,0.0013,102.993,3.700,13.088,0.0297,15.352,0.0060
2026-02-18T12:03:28Z,44.842080,-0.576880,14.783,44.050,7.608,31.632,0.0052,4.927,0.0013,103.301,3.678,13.261,0.0298,15.694,0.0060
2026-02-18T12:03:29Z,44.842090,-0.576865,14.786,44.015,7.574,31.789,0.0056,4.959,0.0014,103.616,3.653,13.428,0.0299,16.028,0.0060
2026-02-18T12:03:30Z,44.842100,-0.576850,14.795,43.960,7.538,31.942,0.0060,4.981,0.0014,103.939,3.627,13.590,0.0299,16.352,0.0060
2026-02-18T12:03:31Z,44.842110,-0.576835,14.812,43.884,7.500,32.090,0.0063,4.995,0.0014,104.270,3.598,13.746,0.0300,16.667,0.0060
2026-02-18T12:03:32Z,44.842120,-0.576820,14.835,43.787,7.459,32.235,0.0067,5.000,0.0014,104.610,3.567,13.895,0.0300,16.971,0.0059
2026-02-18T12:03:33Z,44.842130,-0.576805,14.866,43.667,7.415,32.374,0.0070,4.996,0.0014,104.958,3.535,14.036,0.0300,17.264,0.0059
2026-02-18T12:03:34Z,44.842140,-0.576790,14.905,43.525,7.370,32.508,0.0074,4.983,0.0015,105.312,3.501,14.170,0.0299,17.544,0.0059
2026-02-18T12:03:35Z,44.842150,-0.576775,14.950,43.360,7.322,32.638,0.0077,4.962,0.0015,105.672,3.466,14.295,0.0299,17.813,0.0058
2026-02-18T12:03:36Z,44.842160,-0.576760,15.002,43.172,7.272,32.762,0.0081,4.931,0.0015,106.035,3.429,14.411,0.0298,18.068,0.0057
2026-02-18T12:03:37Z,44.842170,-0.576745,15.060,42.961,7.220,32.881,0.0084,4.892,0.0015,106.398,3.391,14.518,0.0297,18.309,0.0056
2026-02-18T12:03:38Z,44.842180,-0.576730,15.125,42.726,7.166,32.995,0.0087,4.845,0.0015,106.759,3.352,14.615,0.0295,18.536,0.0056
2026-02-18T12:03:39Z,44.842190,-0.576715,15.195,42.468,7.110,33.103,0.0090,4.790,0.0015,107.114,3.311,14.702,0.0293,18.748,0.0054
2026-02-18T12:03:40Z,44.842200,-0.576700,15.271,42.188,7.053,33.205,0.0094,4.726,0.0015,107.459,3.270,14.778,0.0291,18.945,0.0053
2026-02-18T12:03:41Z,44.842210,-0.576685,15.352,41.885,6.994,33.302,0.0097,4.655,0.0015,107.791,3.228,14.843,0.0289,19.126,0.0052
2026-02-18T12:03:42Z,44.842220,-0.576670,15.437,41.560,6.933,33.392,0.0099,4.577,0.0015,108.104,3.185,14.897,0.0287,19.291,0.0051
2026-02-18T12:03:43Z,44.842230,-0.576655,15.525,41.214,6.871,33.477,0.0102,4.491,0.0015,108.396,3.141,14.940,0.0284,19.440,0.0050
2026-02-18T12:03:44Z,44.842240,-0.576640,15.617,40.848,6.807,33.556,0.0105,4.399,0.0015,108.659,3.097,14.972,0.0281,19.571,0.0048
2026-02-18T12:03:45Z,44.842250,-0.576625,15.710,40.463,6.742,33.628,0.0108,4.301,0.0015,108.891,3.053,14.992,0.0277,19.686,0.0047
2026-02-18T12:03:46Z,44.842260,-0.576610,15.806,40.060,6.676,33.694,0.0110,4.196,0.0015,109.086,3.009,15.000,0.0274,19.783,0.0045
2026-02-18T12:03:47Z,44.842270,-0.576595,15.902,40.267,6.608,33.754,0.0112,4.087,0.0014,109.239,3.036,14.996,0.0270,19.862,0.0043
2026-02-18T12:03:48Z,44.842280,-0.576580,15.998,40.607,6.540,33.808,0.0115,3.973,0.0014,109.345,3.080,14.981,0.0266,19.923,0.0041
2026-02-18T12:03:49Z,44.842290,-0.576565,16.094,40.930,6.471,33.855,0.0117,3.854,0.0014,109.400,3.124,14.954,0.0262,19.967,0.0040
2026-02-18T12:03:50Z,44.842300,-0.576550,16.189,41.235,6.401,33.895,0.0119,3.732,0.0014,109.399,3.168,14.916,0.0257,19.993,0.0038
2026-02-18T12:03:51Z,44.842310,-0.576535,16.281,41.520,6.331,33.929,0.0120,3.606,0.0014,109.339,3.211,14.866,0.0253,20.000,0.0036
2026-02-18T12:03:52Z,44.842320,-0.576520,16.371,41.786,6.260,33.956,0.0122,3.478,0.0013,109.216,3.254,14.805,0.0248,19.989,0.0034
2026-02-18T12:03:53Z,44.842330,-0.576505,16.458,42.032,6.188,33.977,0.0124,3.347,0.0013,109.026,3.295,14.733,0.0243,19.960,0.0032
2026-02-18T12:03:54Z,44.842340,-0.576490,16.542,42.258,6.117,33.991,0.0125,3.216,0.0013,108.766,3.336,14.650,0.0238,19.913,0.0030
2026-02-18T12:03:55Z,44.842350,-0.576475,16.621,42.464,6.045,33.999,0.0126,3.083,0.0012,108.434,3.376,14.557,0.0232,19.849,0.0028
2026-02-18T12:03:56Z,44.842360,-0.576460,16.695,42.650,6.027,34.000,0.0127,3.051,0.0012,108.029,3.415,14.454,0.0226,19.766,0.0026
2026-02-18T12:03:57Z,44.842370,-0.576445,16.765,42.816,6.099,33.994,0.0128,3.184,0.0012,107.549,3.452,14.341,0.0221,19.666,0.0024
2026-02-18T12:03:58Z,44.842380,-0.576430,16.829,42.964,6.171,33.981,0.0129,3.316,0.0011,106.993,3.488,14.220,0.0215,19.548,0.0022
2026-02-18T12:03:59Z,44.842390,-0.576415,16.888,43.092,6.243,33.962,0.0129,3.447,0.0011,106.362,3.522,14.089,0.0208,19.413,0.0021
2026-02-18T12:04:00Z,44.842400,-0.576400,16.941,43.202,6.314,33.936,0.0130,3.576,0.0010,105.656,3.555,13.951,0.0202,19.262,0.0023
2026-02-18T12:04:01Z,44.842410,-0.576385,16.988,43.294,6.384,33.904,0.0130,3.702,0.0010,104.876,3.586,13.805,0.0196,19.094,0.0025
2026-02-18T12:04:02Z,44.842420,-0.576370,17.029,43.369,6.454,33.865,0.0130,3.825,0.0009,104.025,3.616,13.652,0.0189,18.910,0.0027
2026-02-18T12:04:03Z,44.842430,-0.576355,17.065,43.427,6.524,33.819,0.0130,3.945,0.0009,103.105,3.643,13.492,0.0182,18.710,0.0029
2026-02-18T12:04:04Z,44.842440,-0.576340,17.095,43.470,6.592,33.767,0.0130,4.060,0.0009,102.120,3.668,13.326,0.0176,18.495,0.0031
2026-02-18T12:04:05Z,44.842450,-0.576325,17.119,43.498,6.660,33.709,0.0129,4.171,0.0008,101.074,3.692,13.156,0.0169,18.265,0.0033
2026-02-18T12:04:06Z,44.842460,-0.576310,17.138,43.512,6.726,33.644,0.0129,4.276,0.0008,99.971,3.713,12.981,0.0162,18.021,0.0035
2026-02-18T12:04:07Z,44.842470,-0.576295,17.153,43.512,6.791,33.573,0.0128,4.376,0.0007,98.816,3.732,12.802,0.0155,17.764,0.0037
2026-02-18T12:04:08Z,44.842480,-0.576280,17.163,43.500,6.855,33.496,0.0127,4.470,0.0007,97.615,3.749,12.619,0.0147,17.493,0.0039
2026-02-18T12:04:09Z,44.842490,-0.576265,17.169,43.477,6.918,33.413,0.0126,4.557,0.0006,96.374,3.763,12.435,0.0140,17.210,0.0041
2026-02-18T12:04:10Z,44.842500,-0.576250,17.172,43.443,6.979,33.324,0.0125,4.637,0.0006,95.099,3.775,12.249,0.0133,16.915,0.0042
2026-02-18T12:04:11Z,44.842510,-0.576235,17.172,43.399,7.039,33.229,0.0123,4.710,0.0005,93.799,3.785,12.061,0.0126,16.609,0.0044
2026-02-18T12:04:12Z,44.842520,-0.576220,17.169,43.346,7.097,33.128,0.0122,4.775,0.0005,93.689,3.792,12.126,0.0118,16.293,0.0046
2026-02-18T12:04:13Z,44.842530,-0.576205,17.165,43.284,7.153,33.021,0.0120,4.833,0.0006,94.154,3.797,12.313,0.0111,15.966,0.0047
2026-02-18T12:04:14Z,44.842540,-0.576190,17.160,43.215,7.207,32.909,0.0118,4.882,0.0006,94.607,3.800,12.499,0.0103,15.631,0.0049
2026-02-18T12:04:15Z,44.842550,-0.576175,17.154,43.140,7.260,32.791,0.0116,4.923,0.0007,95.051,3.800,12.683,0.0104,15.288,0.0050
2026-02-18T12:04:16Z,44.842560,-0.576160,17.148,43.058,7.310,32.668,0.0114,4.955,0.0007,95.490,3.797,12.864,0.0111,14.937,0.0052
2026-02-18T12:04:17Z,44.842570,-0.576145,17.144,42.970,7.358,32.540,0.0112,4.979,0.0008,95.927,3.792,13.041,0.0119,14.579,0.0053
2026-02-18T12:04:18Z,44.842580,-0.576130,17.141,42.877,7.405,32.406,0.0110,4.994,0.0008,96.365,3.785,13.215,0.0126,14.216,0.0054
2026-02-18T12:04:19Z,44.842590,-0.576115,17.140,42.780,7.449,32.268,0.0107,5.000,0.0009,96.807,3.775,13.384,0.0133,13.847,0.0055
2026-02-18T12:04:20Z,44.842600,-0.576100,17.142,42.678,7.490,32.125,0.0104,4.997,0.0009,97.257,3.763,13.548,0.0141,13.475,0.0056
2026-02-18T12:04:21Z,44.842610,-0.576085,17.147,42.572,7.529,31.978,0.0102,4.985,0.0010,97.715,3.748,13.705,0.0148,13.099,0.0057
2026-02-18T12:04:22Z,44.842620,-0.576070,17.156,42.462,7.566,31.826,0.0099,4.965,0.0010,98.186,3.731,13.856,0.0155,12.720,0.0058
2026-02-18T12:04:23Z,44.842630,-0.576055,17.169,42.348,7.600,31.670,0.0096,4.936,0.0011,98.670,3.712,14.000,0.0162,12.340,0.0058
2026-02-18T12:04:24Z,44.842640,-0.576040,17.187,42.230,7.632,31.510,0.0093,4.898,0.0011,99.170,3.690,14.135,0.0169,12.040,0.0059
2026-02-18T12:04:25Z,44.842650,-0.576025,17.210,42.109,7.661,31.345,0.0090,4.851,0.0011,99.686,3.667,14.263,0.0176,12.421,0.0059
2026-02-18T12:04:26Z,44.842660,-0.576010,17.238,41.984,7.687,31.178,0.0087,4.797,0.0012,100.219,3.641,14.381,0.0183,12.801,0.0060
2026-02-18T12:04:27Z,44.842670,-0.575995,17.272,41.855,7.711,31.006,0.0083,4.734,0.0012,100.769,3.614,14.491,0.0190,13.179,0.0060
2026-02-18T12:04:28Z,44.842680,-0.575980,17.311,41.723,7.732,30.831,0.0080,4.664,0.0012,101.336,3.584,14.590,0.0196,13.554,0.0060
2026-02-18T12:04:29Z,44.842690,-0.575965,17.356,41.585,7.750,30.654,0.0077,4.587,0.0013,101.919,3.553,14.680,0.0203,13.926,0.0060
2026-02-18T12:04:30Z,44.842700,-0.575950,17.406,41.444,7.766,30.473,0.0073,4.502,0.0013,102.516,3.520,14.759,0.0209,14.294,0.0060
2026-02-18T12:04:31Z,44.842710,-0.575935,17.462,41.297,7.778,30.289,0.0070,4.411,0.0013,103.126,3.486,14.827,0.0215,14.656,0.0060
2026-02-18T12:04:32Z,44.842720,-0.575920,17.523,41.145,7.788,30.103,0.0066,4.313,0.0014,103.746,3.450,14.884,0.0221,15.012,0.0059
2026-02-18T12:04:33Z,44.842730,-0.575905,17.590,40.988,7.795,29.915,0.0063,4.210,0.0014,104.373,3.412,14.930,0.0227,15.361,0.0059
2026-02-18T12:04:34Z,44.842740,-0.575890,17.661,40.824,7.799,29.724,0.0059,4.101,0.0014,105.004,3.373,14.965,0.0232,15.703,0.0058
2026-02-18T12:04:35Z,44.842750,-0.575875,17.737,40.655,7.800,29.532,0.0055,3.987,0.0014,105.635,3.334,14.988,0.0238,16.036,0.0058
2026-02-18T12:04:36Z,44.842760,-0.575860,17.816,40.478,7.798,29.337,0.0052,3.869,0.0014,106.262,3.293,14.999,0.0243,16.361,0.0057
2026-02-18T12:04:37Z,44.842770,-0.575845,17.899,40.294,7.794,29.142,0.0052,3.747,0.0015,106.880,3.251,14.998,0.0248,16.675,0.0056
2026-02-18T12:04:38Z,44.842780,-0.575830,17.985,40.102,7.786,28.945,0.0056,3.622,0.0015,107.484,3.208,14.986,0.0253,16.979,0.0055
2026-02-18T12:04:39Z,44.842790,-0.575815,18.074,39.903,7.776,28.747,0.0059,3.494,0.0015,108.069,3.165,14.962,0.0258,17.271,0.0054
2026-02-18T12:04:40Z,44.842800,-0.575800,18.164,39.695,7.763,28.548,0.0063,3.364,0.0015,108.630,3.121,14.927,0.0262,17.552,0.0053
2026-02-18T12:04:41Z,44.842810,-0.575785,18.255,39.479,7.746,28.348,0.0066,3.232,0.0015,109.162,3.077,14.880,0.0266,17.820,0.0052
2026-02-18T12:04:42Z,44.842820,-0.575770,18.346,39.254,7.728,28.149,0.0070,3.099,0.0015,109.658,3.033,14.822,0.0270,18.074,0.0050
2026-02-18T12:04:43Z,44.842830,-0.575755,18.438,39.220,7.706,28.051,0.0073,3.034,0.0015,110.113,3.011,14.753,0.0274,18.315,0.0049
2026-02-18T12:04:44Z,44.842840,-0.575740,18.528,39.754,7.682,28.251,0.0077,3.167,0.0015,110.521,3.056,14.673,0.0278,18.542,0.0048
2026-02-18T12:04:45Z,44.842850,-0.575725,18.616,40.277,7.655,28.451,0.0080,3.300,0.0015,110.878,3.100,14.583,0.0281,18.754,0.0046
2026-02-18T12:04:46Z,44.842860,-0.575710,18.702,40.785,7.625,28.650,0.0084,3.431,0.0015,111.178,3.144,14.482,0.0284,18.950,0.0044
2026-02-18T12:04:47Z,44.842870,-0.575695,18.784,41.276,7.593,28.848,0.0087,3.560,0.0015,111.416,3.187,14.372,0.0287,19.131,0.0043
2026-02-18T12:04:48Z,44.842880,-0.575680,18.863,41.749,7.558,29.046,0.0090,3.687,0.0015,111.588,3.230,14.253,0.0289,19.295,0.0041
2026-02-18T12:04:49Z,44.842890,-0.575665,18.938,42.202,7.521,29.242,0.0093,3.810,0.0015,111.688,3.273,14.125,0.0292,19.443,0.0039
2026-02-18T12:04:50Z,44.842900,-0.575650,19.007,42.632,7.481,29.437,0.0096,3.930,0.0014,111.715,3.314,13.988,0.0294,19.574,0.0037
2026-02-18T12:04:51Z,44.842910,-0.575635,19.071,43.038,7.439,29.631,0.0099,4.046,0.0014,111.664,3.354,13.844,0.0295,19.688,0.0035
2026-02-18T12:04:52Z,44.842920,-0.575620,19.129,43.418,7.395,29.822,0.0102,4.157,0.0014,111.532,3.394,13.693,0.0297,19.785,0.0033
2026-02-18T12:04:53Z,44.842930,-0.575605,19.181,43.772,7.348,30.012,0.0105,4.263,0.0014,111.318,3.432,13.535,0.0298,19.864,0.0031
2026-02-18T12:04:54Z,44.842940,-0.575590,19.226,44.097,7.299,30.199,0.0107,4.364,0.0013,111.020,3.468,13.371,0.0299,19.925,0.0029
2026-02-18T12:04:55Z,44.842950,-0.575575,19.264,44.393,7.248,30.384,0.0110,4.458,0.0013,110.637,3.504,13.201,0.0300,19.968,0.0027
2026-02-18T12:04:56Z,44.842960,-0.575560,19.295,44.660,7.195,30.566,0.0112,4.546,0.0013,110.169,3.537,13.027,0.0300,19.993,0.0025
2026-02-18T12:04:57Z,44.842970,-0.575545,19.319,44.895,7.141,30.745,0.0114,4.627,0.0013,109.617,3.569,12.849,0.0300,20.000,0.0023
2026-02-18T12:04:58Z,44.842980,-0.575530,19.335,45.100,7.084,30.921,0.0116,4.701,0.0012,108.981,3.600,12.668,0.0300,19.989,0.0021
2026-02-18T12:04:59Z,44.842990,-0.575515,19.344,45.273,7.026,31.095,0.0118,4.767,0.0012,108.264,3.628,12.484,0.0299,19.959,0.0021
2026-02-18T12:05:00Z,44.843000,-0.575500,19.346,45.414,6.966,31.264,0.0120,4.826,0.0012,107.467,3.655,12.298,0.0299,19.912,0.0023
2026-02-18T12:05:01Z,44.843010,-0.575485,19.341,45.523,6.904,31.430,0.0122,4.876,0.0011,106.595,3.679,12.111,0.0298,19.847,0.0025
2026-02-18T12:05:02Z,44.843020,-0.575470,19.330,45.602,6.841,31.592,0.0123,4.918,0.0011,105.652,3.702,12.076,0.0296,19.763,0.0027
2026-02-18T12:05:03Z,44.843030,-0.575455,19.311,45.649,6.777,31.750,0.0125,4.952,0.0010,104.641,3.722,12.263,0.0295,19.663,0.0029
2026-02-18T12:05:04Z,44.843040,-0.575440,19.287,45.666,6.712,31.904,0.0126,4.976,0.0010,103.568,3.740,12.450,0.0293,19.545,0.0032
2026-02-18T12:05:05Z,44.843050,-0.575425,19.258,45.653,6.645,32.054,0.0127,4.992,0.0009,102.438,3.756,12.634,0.0291,19.409,0.0034
2026-02-18T12:05:06Z,44.843060,-0.575410,19.223,45.611,6.577,32.199,0.0128,5.000,0.0009,101.258,3.769,12.816,0.0289,19.257,0.0035
2026-02-18T12:05:07Z,44.843070,-0.575395,19.184,45.541,6.508,32.340,0.0129,4.998,0.0009,100.034,3.780,12.995,0.0286,19.089,0.0037
2026-02-18T12:05:08Z,44.843080,-0.575380,19.141,45.444,6.439,32.475,0.0129,4.987,0.0008,98.772,3.789,13.169,0.0283,18.904,0.0039
2026-02-18T12:05:09Z,44.843090,-0.575365,19.095,45.321,6.369,32.606,0.0130,4.968,0.0008,97.481,3.795,13.340,0.0280,18.704,0.0041
2026-02-18T12:05:10Z,44.843100,-0.575350,19.046,45.174,6.298,32.732,0.0130,4.940,0.0007,96.168,3.799,13.505,0.0277,18.489,0.0043
2026-02-18T12:05:11Z,44.843110,-0.575335,18.995,45.003,6.227,32.852,0.0130,4.903,0.0007,94.839,3.800,13.664,0.0273,18.259,0.0045
2026-02-18T12:05:12Z,44.843120,-0.575320,18.943,44.811,6.155,32.967,0.0130,4.858,0.0006,93.504,3.799,13.817,0.0269,18.015,0.0046
2026-02-18T12:05:13Z,44.843130,-0.575305,18.890,44.599,6.083,33.076,0.0130,4.804,0.0006,92.169,3.795,13.962,0.0265,17.757,0.0048
2026-02-18T12:05:14Z,44.843140,-0.575290,18.837,44.369,6.011,33.180,0.0129,4.743,0.0005,90.842,3.789,14.100,0.0261,17.486,0.0049
2026-02-18T12:05:15Z,44.843150,-0.575275,18.785,44.121,6.061,33.278,0.0129,4.673,0.0005,91.044,3.781,14.230,0.0257,17.202,0.0051
2026-02-18T12:05:16Z,44.843160,-0.575260,18.735,43.858,6.132,33.370,0.0128,4.597,0.0006,91.551,3.770,14.351,0.0252,16.907,0.0052
2026-02-18T12:05:17Z,44.843170,-0.575245,18.687,43.582,6.204,33.457,0.0127,4.513,0.0006,92.081,3.756,14.463,0.0247,16.601,0.0053
2026-02-18T12:05:18Z,44.843180,-0.575230,18.641,43.294,6.275,33.537,0.0126,4.422,0.0007,92.634,3.741,14.565,0.0242,16.284,0.0054
2026-02-18T12:05:19Z,44.843190,-0.575215,18.598,42.996,6.346,33.611,0.0125,4.325,0.0007,93.214,3.723,14.657,0.0237,15.958,0.0055
2026-02-18T12:05:20Z,44.843200,-0.575200,18.559,42.689,6.417,33.678,0.0123,4.223,0.0008,93.821,3.702,14.739,0.0231,15.622,0.0056
2026-02-18T12:05:21Z,44.843210,-0.575185,18.523,42.375,6.486,33.740,0.0122,4.115,0.0008,94.456,3.680,14.810,0.0225,15.279,0.0057
2026-02-18T12:05:22Z,44.843220,-0.575170,18.492,42.056,6.555,33.795,0.0120,4.002,0.0009,95.121,3.656,14.870,0.0220,14.927,0.0058
2026-02-18T12:05:23Z,44.843230,-0.575155,18.466,41.733,6.623,33.843,0.0118,3.884,0.0009,95.814,3.629,14.919,0.0213,14.570,0.0058
2026-02-18T12:05:24Z,44.843240,-0.575140,18.444,41.408,6.690,33.886,0.0116,3.763,0.0010,96.536,3.601,14.957,0.0207,14.206,0.0059
2026-02-18T12:05:25Z,44.843250,-0.575125,18.427,41.081,6.756,33.921,0.0114,3.638,0.0010,97.286,3.571,14.983,0.0201,13.838,0.0059
2026-02-18T12:05:26Z,44.843260,-0.575110,18.415,40.755,6.821,33.950,0.0112,3.510,0.0011,98.063,3.539,14.997,0.0195,13.465,0.0060
2026-02-18T12:05:27Z,44.843270,-0.575095,18.408,40.431,6.884,33.973,0.0110,3.380,0.0011,98.863,3.505,15.000,0.0188,13.089,0.0060
2026-02-18T12:05:28Z,44.843280,-0.575080,18.406,40.110,6.946,33.988,0.0107,3.248,0.0011,99.684,3.470,14.990,0.0181,12.710,0.0060
2026-02-18T12:05:29Z,44.843290,-0.575065,18.409,39.792,7.007,33.997,0.0105,3.116,0.0012,100.524,3.433,14.970,0.0174,12.330,0.0060
2026-02-18T12:05:30Z,44.843300,-0.575050,18.416,39.479,7.066,34.000,0.0102,3.018,0.0012,101.378,3.395,14.937,0.0167,12.051,0.0060
2026-02-18T12:05:31Z,44.843310,-0.575035,18.427,39.172,7.123,33.996,0.0099,3.151,0.0012,102.242,3.356,14.894,0.0160,12.431,0.0060
2026-02-18T12:05:32Z,44.843320,-0.575020,18.442,38.871,7.178,33.985,0.0096,3.283,0.0013,103.113,3.315,14.838,0.0153,12.811,0.0059
2026-02-18T12:05:33Z,44.843330,-0.575005,18.460,38.577,7.232,33.967,0.0093,3.415,0.0013,103.983,3.274,14.772,0.0146,13.189,0.0059
2026-02-18T12:05:34Z,44.843340,-0.574990,18.482,38.291,7.283,33.943,0.0090,3.544,0.0013,104.850,3.232,14.695,0.0139,13.564,0.0058
2026-02-18T12:05:35Z,44.843350,-0.574975,18.505,38.013,7.333,33.912,0.0087,3.671,0.0014,105.706,3.189,14.608,0.0132,13.936,0.0058
2026-02-18T12:05:36Z,44.843360,-0.574960,18.530,37.744,7.380,33.875,0.0084,3.795,0.0014,106.546,3.145,14.510,0.0124,14.303,0.0057
2026-02-18T12:05:37Z,44.843370,-0.574945,18.557,37.483,7.425,33.831,0.0080,3.916,0.0014,107.363,3.102,14.402,0.0117,14.665,0.0056
2026-02-18T12:05:38Z,44.843380,-0.574930,18.584,37.231,7.468,33.781,0.0077,4.032,0.0014,108.152,3.057,14.286,0.0110,15.021,0.0055
2026-02-18T12:05:39Z,44.843390,-0.574915,18.610,36.988,7.508,33.724,0.0074,4.144,0.0014,108.906,3.013,14.160,0.0102,15.371,0.0054
2026-02-18T12:05:40Z,44.843400,-0.574900,18.636,37.304,7.546,33.661,0.0070,4.251,0.0015,109.619,3.031,14.025,0.0105,15.712,0.0053
2026-02-18T12:05:41Z,44.843410,-0.574885,18.661,37.855,7.582,33.592,0.0067,4.352,0.0015,110.286,3.076,13.883,0.0113,16.045,0.0051
2026-02-18T12:05:42Z,44.843420,-0.574870,18.683,38.410,7.615,33.516,0.0063,4.447,0.0015,110.899,3.120,13.734,0.0120,16.369,0.0050
2026-02-18T12:05:43Z,44.843430,-0.574855,18.702,38.968,7.646,33.434,0.0059,4.536,0.0015,111.453,3.164,13.577,0.0127,16.683,0.0049
2026-02-18T12:05:44Z,44.843440,-0.574840,18.719,39.525,7.673,33.346,0.0056,4.618,0.0015,111.943,3.207,13.415,0.0135,16.987,0.0047
2026-02-18T12:05:45Z,44.843450,-0.574825,18.731,40.078,7.699,33.253,0.0052,4.692,0.0015,112.363,3.249,13.247,0.0142,17.279,0.0046
2026-02-18T12:05:46Z,44.843460,-0.574810,18.738,40.626,7.721,33.153,0.0052,4.760,0.0015,112.709,3.291,13.074,0.0149,17.559,0.0044
2026-02-18T12:05:47Z,44.843470,-0.574795,18.741,41.165,7.741,33.048,0.0055,4.819,0.0015,112.976,3.332,12.897,0.0156,17.826,0.0042
2026-02-18T12:05:48Z,44.843480,-0.574780,18.738,41.693,7.758,32.937,0.0059,4.870,0.0015,113.162,3.372,12.716,0.0163,18.081,0.0040
2026-02-18T12:05:49Z,44.843490,-0.574765,18.729,42.208,7.772,32.821,0.0062,4.913,0.0015,113.262,3.411,12.533,0.0170,18.321,0.0039
2026-02-18T12:05:50Z,44.843500,-0.574750,18.714,42.706,7.783,32.699,0.0066,4.948,0.0015,113.274,3.448,12.348,0.0177,18.548,0.0037
2026-02-18T12:05:51Z,44.843510,-0.574735,18.692,43.186,7.792,32.572,0.0070,4.974,0.0015,113.197,3.484,12.161,0.0184,18.759,0.0035
2026-02-18T12:05:52Z,44.843520,-0.574720,18.664,43.644,7.797,32.440,0.0073,4.991,0.0014,113.029,3.519,12.027,0.0191,18.955,0.0033
2026-02-18T12:05:53Z,44.843530,-0.574705,18.628,44.080,7.800,32.303,0.0076,4.999,0.0014,112.769,3.552,12.214,0.0197,19.135,0.0031
2026-02-18T12:05:54Z,44.843540,-0.574690,18.586,44.491,7.800,32.161,0.0080,4.999,0.0014,112.418,3.583,12.400,0.0204,19.299,0.0029
2026-02-18T12:05:55Z,44.843550,-0.574675,18.537,44.874,7.796,32.015,0.0083,4.989,0.0014,111.977,3.613,12.585,0.0210,19.447,0.0027
2026-02-18T12:05:56Z,44.843560,-0.574660,18.482,45.228,7.790,31.864,0.0087,4.971,0.0014,111.448,3.640,12.768,0.0216,19.578,0.0024
2026-02-18T12:05:57Z,44.843570,-0.574645,18.420,45.552,7.782,31.709,0.0090,4.944,0.0013,110.831,3.666,12.948,0.0222,19.691,0.0022
2026-02-18T12:05:58Z,44.843580,-0.574630,18.351,45.843,7.770,31.550,0.0093,4.908,0.0013,110.132,3.690,13.123,0.0228,19.787,0.0020
2026-02-18T12:05:59Z,44.843590,-0.574615,18.277,46.101,7.755,31.386,0.0096,4.864,0.0013,109.353,3.711,13.295,0.0233,19.866,0.0022
2026-02-18T12:06:00Z,44.843600,-0.574600,18.197,46.324,7.738,31.219,0.0099,4.811,0.0013,108.498,3.730,13.462,0.0239,19.926,0.0024
2026-02-18T12:06:01Z,44.843610,-0.574585,18.112,46.511,7.718,31.049,0.0102,4.751,0.0012,107.573,3.747,13.622,0.0244,19.969,0.0026
2026-02-18T12:06:02Z,44.843620,-0.574570,18.022,46.662,7.695,30.875,0.0104,4.682,0.0012,106.583,3.762,13.777,0.0249,19.993,0.0028
2026-02-18T12:06:03Z,44.843630,-0.574555,17.928,46.776,7.670,30.698,0.0107,4.607,0.0011,105.533,3.774,13.924,0.0254,20.000,0.0030
2026-02-18T12:06:04Z,44.843640,-0.574540,17.831,46.852,7.641,30.518,0.0109,4.524,0.0011,104.431,3.784,14.064,0.0259,19.988,0.0032
2026-02-18T12:06:05Z,44.843650,-0.574525,17.731,46.891,7.611,30.335,0.0112,4.434,0.0011,103.282,3.792,14.196,0.0263,19.958,0.0034
2026-02-18T12:06:06Z,44.843660,-0.574510,17.629,46.892,7.577,30.149,0.0114,4.338,0.0010,102.094,3.797,14.320,0.0267,19.910,0.0036
2026-02-18T12:06:07Z,44.843670,-0.574495,17.526,46.856,7.541,29.961,0.0116,4.236,0.0010,100.874,3.800,14.434,0.0271,19.845,0.0038
2026-02-18T12:06:08Z,44.843680,-0.574480,17.422,46.783,7.503,29.771,0.0118,4.128,0.0009,99.630,3.800,14.539,0.0275,19.761,0.0040
2026-02-18T12:06:09Z,44.843690,-0.574465,17.318,46.674,7.462,29.579,0.0120,4.016,0.0009,98.368,3.797,14.634,0.0278,19.660,0.0042
2026-02-18T12:06:10Z,44.843700,-0.574450,17.214,46.529,7.419,29.386,0.0122,3.899,0.0008,97.096,3.793,14.718,0.0282,19.541,0.0043
2026-02-18T12:06:11Z,44.843710,-0.574435,17.112,46.349,7.373,29.190,0.0123,3.778,0.0008,95.822,3.785,14.792,0.0284,19.406,0.0045
2026-02-18T12:06:12Z,44.843720,-0.574420,17.012,46.136,7.326,28.994,0.0125,3.653,0.0007,94.554,3.776,14.855,0.0287,19.253,0.0047
2026-02-18T12:06:13Z,44.843730,-0.574405,16.915,45.891,7.276,28.796,0.0126,3.526,0.0007,93.297,3.764,14.907,0.0290,19.084,0.0048
2026-02-18T12:06:14Z,44.843740,-0.574390,16.822,45.616,7.224,28.597,0.0127,3.396,0.0006,92.060,3.749,14.948,0.0292,18.899,0.0050
2026-02-18T12:06:15Z,44.843750,-0.574375,16.732,45.311,7.171,28.398,0.0128,3.265,0.0006,90.848,3.733,14.977,0.0294,18.699,0.0051
2026-02-18T12:06:16Z,44.843760,-0.574360,16.647,44.979,7.115,28.198,0.0129,3.132,0.0005,89.668,3.714,14.994,0.0296,18.483,0.0052
2026-02-18T12:06:17Z,44.843770,-0.574345,16.566,44.622,7.057,28.002,0.0129,3.001,0.0005,88.542,3.693,15.000,0.0297,18.253,0.0053
2026-02-18T12:06:18Z,44.843780,-0.574330,16.491,44.242,6.998,28.202,0.0130,3.134,0.0006,89.242,3.669,14.994,0.0298,18.008,0.0055
2026-02-18T12:06:19Z,44.843790,-0.574315,16.422,43.840,6.938,28.401,0.0130,3.267,0.0006,89.984,3.644,14.976,0.0299,17.750,0.0056
2026-02-18T12:06:20Z,44.843800,-0.574300,16.359,43.419,6.876,28.601,0.0130,3.398,0.0006,90.769,3.617,14.947,0.0300,17.478,0.0057
2026-02-18T12:06:21Z,44.843810,-0.574285,16.301,42.982,6.812,28.799,0.0130,3.528,0.0007,91.596,3.587,14.906,0.0300,17.195,0.0057
2026-02-18T12:06:22Z,44.843820,-0.574270,16.250,42.530,6.747,28.997,0.0130,3.656,0.0007,92.463,3.556,14.854,0.0300,16.899,0.0058
2026-02-18T12:06:23Z,44.843830,-0.574255,16.206,42.065,6.681,29.194,0.0129,3.780,0.0008,93.368,3.524,14.791,0.0300,16.593,0.0059
2026-02-18T12:06:24Z,44.843840,-0.574240,16.168,41.591,6.614,29.389,0.0129,3.901,0.0008,94.309,3.489,14.717,0.0299,16.275,0.0059
2026-02-18T12:06:25Z,44.843850,-0.574225,16.135,41.109,6.546,29.583,0.0128,4.018,0.0009,95.282,3.453,14.632,0.0299,15.949,0.0060
2026-02-18T12:06:26Z,44.843860,-0.574210,16.109,40.622,6.477,29.775,0.0127,4.130,0.0009,96.284,3.416,14.537,0.0297,15.613,0.0060
2026-02-18T12:06:27Z,44.843870,-0.574195,16.089,40.132,6.407,29.965,0.0126,4.238,0.0010,97.310,3.377,14.432,0.0296,15.269,0.0060
2026-02-18T12:06:28Z,44.843880,-0.574180,16.074,39.642,6.336,30.153,0.0125,4.340,0.0010,98.355,3.338,14.317,0.0295,14.918,0.0060
2026-02-18T12:06:29Z,44.843890,-0.574165,16.064,39.153,6.265,30.338,0.0124,4.436,0.0011,99.414,3.297,14.194,0.0293,14.560,0.0060
2026-02-18T12:06:30Z,44.843900,-0.574150,16.059,38.669,6.194,30.521,0.0122,4.525,0.0011,100.482,3.255,14.062,0.0291,14.196,0.0060
2026-02-18T12:06:31Z,44.843910,-0.574135,16.058,38.190,6.122,30.701,0.0120,4.608,0.0011,101.553,3.213,13.922,0.0288,13.828,0.0059
2026-02-18T12:06:32Z,44.843920,-0.574120,16.060,37.719,6.050,30.878,0.0119,4.684,0.0012,102.620,3.169,13.774,0.0286,13.455,0.0059
2026-02-18T12:06:33Z,44.843930,-0.574105,16.066,37.259,6.022,31.052,0.0117,4.752,0.0012,103.676,3.126,13.620,0.0283,13.079,0.0059
2026-02-18T12:06:34Z,44.843940,-0.574090,16.073,36.810,6.094,31.222,0.0115,4.812,0.0013,104.716,3.082,13.459,0.0280,12.700,0.0058
2026-02-18T12:06:35Z,44.843950,-0.574075,16.083,36.375,6.165,31.389,0.0112,4.865,0.0013,105.732,3.037,13.292,0.0276,12.320,0.0057
2026-02-18T12:06:36Z,44.843960,-0.574060,16.094,36.078,6.237,31.552,0.0110,4.909,0.0013,106.717,3.007,13.120,0.0273,12.061,0.0056
2026-02-18T12:06:37Z,44.843970,-0.574045,16.105,36.452,6.308,31.712,0.0108,4.944,0.0013,107.665,3.051,12.944,0.0269,12.441,0.0056
2026-02-18T12:06:38Z,44.843980,-0.574030,16.116,36.841,6.379,31.867,0.0105,4.971,0.0014,108.568,3.096,12.765,0.0265,12.821,0.0055
2026-02-18T12:06:39Z,44.843990,-0.574015,16.126,37.243,6.449,32.017,0.0102,4.989,0.0014,109.421,3.140,12.582,0.0260,13.199,0.0053
2026-02-18T12:06:40Z,44.844000,-0.574000,16.135,37.658,6.518,32.164,0.0100,4.999,0.0014,110.216,3.183,12.397,0.0256,13.574,0.0052
2026-02-18T12:06:41Z,44.844010,-0.573985,16.142,38.085,6.587,32.305,0.0097,4.999,0.0014,110.949,3.226,12.211,0.0251,13.946,0.0051
2026-02-18T12:06:42Z,44.844020,-0.573970,16.146,38.520,6.654,32.442,0.0094,4.991,0.0014,111.613,3.268,12.023,0.0246,14.313,0.0050
2026-02-18T12:06:43Z,44.844030,-0.573955,16.146,38.964,6.721,32.574,0.0091,4.973,0.0015,112.203,3.310,12.164,0.0241,14.675,0.0048
2026-02-18T12:06:44Z,44.844040,-0.573940,16.144,39.414,6.786,32.701,0.0087,4.947,0.0015,112.714,3.350,12.351,0.0236,15.031,0.0047
2026-02-18T12:06:45Z,44.844050,-0.573925,16.137,39.868,6.850,32.823,0.0084,4.913,0.0015,113.143,3.390,12.536,0.0230,15.380,0.0045
2026-02-18T12:06:46Z,44.844060,-0.573910,16.125,40.324,6.913,32.939,0.0081,4.870,0.0015,113.485,3.428,12.720,0.0224,15.721,0.0043
2026-02-18T12:06:47Z,44.844070,-0.573895,16.109,40.780,6.974,33.050,0.0077,4.818,0.0015,113.739,3.465,12.900,0.0218,16.054,0.0042
2026-02-18T12:06:48Z,44.844080,-0.573880,16.088,41.234,7.034,33.155,0.0074,4.759,0.0015,113.900,3.500,13.077,0.0212,16.378,0.0040
2026-02-18T12:06:49Z,44.844090,-0.573865,16.062,41.685,7.092,33.254,0.0070,4.691,0.0015,113.969,3.534,13.250,0.0206,16.691,0.0038
2026-02-18T12:06:50Z,44.844100,-0.573850,16.031,42.129,7.149,33.348,0.0067,4.616,0.0015,113.943,3.566,13.418,0.0200,16.995,0.0036
2026-02-18T12:06:51Z,44.844110,-0.573835,15.994,42.564,7.203,33.436,0.0063,4.534,0.0015,113.823,3.597,13.580,0.0193,17.286,0.0034
2026-02-18T12:06:52Z,44.844120,-0.573820,15.952,42.989,7.256,33.517,0.0060,4.445,0.0015,113.610,3.626,13.736,0.0187,17.566,0.0032
2026-02-18T12:06:53Z,44.844130,-0.573805,15.905,43.401,7.306,33.593,0.0056,4.350,0.0015,113.304,3.652,13.886,0.0180,17.833,0.0030
2026-02-18T12:06:54Z,44.844140,-0.573790,15.853,43.798,7.355,33.662,0.0053,4.249,0.0015,112.908,3.677,14.028,0.0173,18.087,0.0028
2026-02-18T12:06:55Z,44.844150,-0.573775,15.797,44.178,7.401,33.725,0.0051,4.142,0.0014,112.424,3.700,14.162,0.0166,18.328,0.0026
2026-02-18T12:06:56Z,44.844160,-0.573760,15.737,44.538,7.445,33.782,0.0055,4.030,0.0014,111.856,3.720,14.288,0.0159,18.553,0.0024
2026-02-18T12:06:57Z,44.844170,-0.573745,15.672,44.877,7.487,33.832,0.0058,3.913,0.0014,111.207,3.738,14.404,0.0152,18.764,0.0022
2026-02-18T12:06:58Z,44.844180,-0.573730,15.605,45.193,7.526,33.876,0.0062,3.793,0.0014,110.482,3.754,14.512,0.0145,18.960,0.0020
2026-02-18T12:06:59Z,44.844190,-0.573715,15.534,45.483,7.563,33.913,0.0066,3.669,0.0014,109.687,3.768,14.609,0.0138,19.140,0.0022
2026-02-18T12:07:00Z,44.844200,-0.573700,15.461,,,,,,,108.826,3.779,14.697,0.0130,19.304,0.0025
2026-02-18T12:07:01Z,44.844210,-0.573685,15.387,,,,,,,107.905,3.788,14.774,0.0123,19.451,0.0027
2026-02-18T12:07:02Z,44.844220,-0.573670,15.312,,,,,,,106.932,3.794,14.840,0.0116,19.581,0.0029
2026-02-18T12:07:03Z,44.844230,-0.573655,15.236,,,,,,,105.912,3.798,14.894,0.0108,19.694,0.0031
2026-02-18T12:07:04Z,44.844240,-0.573640,15.161,,,,,,,104.852,3.800,14.938,0.0101,19.790,0.0033
2026-02-18T12:07:05Z,44.844250,-0.573625,15.087,,,,,,,103.760,3.799,14.970,0.0107,19.867,0.0035
2026-02-18T12:07:06Z,44.844260,-0.573610,15.014,,,,,,,102.642,3.796,14.991,0.0114,19.928,0.0037
2026-02-18T12:07:07Z,44.844270,-0.573595,14.944,,,,,,,101.506,3.790,15.000,0.0121,19.970,0.0039
2026-02-18T12:07:08Z,44.844280,-0.573580,14.878,,,,,,,100.358,3.781,14.997,0.0129,19.994,0.0040
2026-02-18T12:07:09Z,44.844290,-0.573565,14.815,,,,,,,99.206,3.771,14.982,0.0136,20.000,0.0042
2026-02-18T12:07:10Z,44.844300,-0.573550,14.756,,,,,,,98.056,3.758,14.956,0.0143,19.988,0.0044
2026-02-18T12:07:11Z,44.844310,-0.573535,14.702,,,,,,,96.915,3.742,14.918,0.0150,19.957,0.0046
2026-02-18T12:07:12Z,44.844320,-0.573520,14.654,,,,,,,95.789,3.724,14.869,0.0158,19.909,0.0047
2026-02-18T12:07:13Z,44.844330,-0.573505,14.612,,,,,,,94.684,3.705,14.809,0.0165,19.843,0.0049
2026-02-18T12:07:14Z,44.844340,-0.573490,14.576,,,,,,,93.605,3.682,14.737,0.0172,19.759,0.0050
2026-02-18T12:07:15Z,44.844350,-0.573475,14.547,,,,,,,92.557,3.658,14.655,0.0178,19.657,0.0051
2026-02-18T12:07:16Z,44.844360,-0.573460,14.525,,,,,,,91.544,3.632,14.563,0.0185,19.538,0.0053
2026-02-18T12:07:17Z,44.844370,-0.573445,14.510,,,,,,,90.571,3.604,14.461,0.0192,19.402,0.0054
2026-02-18T12:07:18Z,44.844380,-0.573430,14.502,,,,,,,89.640,3.574,14.349,0.0198,19.249,0.0055
2026-02-18T12:07:19Z,44.844390,-0.573415,14.502,,,,,,,88.754,3.542,14.228,0.0205,19.080,0.0056
2026-02-18T12:07:20Z,44.844400,-0.573400,14.509,,,,,,,88.235,3.508,14.098,0.0211,18.894,0.0057
2026-02-18T12:07:21Z,44.844410,-0.573385,14.524,,,,,,,89.244,3.473,13.960,0.0217,18.693,0.0058
2026-02-18T12:07:22Z,44.844420,-0.573370,14.546,,,,,,,90.297,3.437,13.814,0.0223,18.477,0.0058
2026-02-18T12:07:23Z,44.844430,-0.573355,14.574,,,,,,,91.391,3.399,13.661,0.0229,18.246,0.0059
2026-02-18T12:07:24Z,44.844440,-0.573340,14.609,,,,,,,92.520,3.360,13.502,0.0234,18.001,0.0059
2026-02-18T12:07:25Z,44.844450,-0.573325,14.651,,,,,,,93.680,3.319,13.337,0.0240,17.743,0.0060
2026-02-18T12:07:26Z,44.844460,-0.573310,14.698,,,,,,,94.864,3.278,13.166,0.0245,17.471,0.0060
2026-02-18T12:07:27Z,44.844470,-0.573295,14.750,,,,,,,96.067,3.236,12.992,0.0250,17.187,0.0060
2026-02-18T12:07:28Z,44.844480,-0.573280,14.807,,,,,,,97.282,3.193,12.813,0.0255,16.891,0.0060
2026-02-18T12:07:29Z,44.844490,-0.573265,14.869,,,,,,,98.502,3.150,12.631,0.0259,16.584,0.0060
2026-02-18T12:07:30Z,44.844500,-0.573250,14.933,38.790,7.352,31.902,0.0130,4.976,0.0010,99.720,3.106,12.446,0.0264,16.267,0.0060
2026-02-18T12:07:31Z,44.844510,-0.573235,15.001,38.223,7.303,31.748,0.0130,4.951,0.0010,100.929,3.062,12.260,0.0268,15.940,0.0059
2026-02-18T12:07:32Z,44.844520,-0.573220,15.070,37.656,7.252,31.589,0.0129,4.918,0.0011,102.122,3.017,12.073,0.0272,15.604,0.0059
2026-02-18T12:07:33Z,44.844530,-0.573205,15.141,37.568,7.200,31.427,0.0129,4.875,0.0011,103.291,3.027,12.114,0.0275,15.260,0.0058
2026-02-18T12:07:34Z,44.844540,-0.573190,15.213,37.788,7.145,31.261,0.0128,4.825,0.0012,104.429,3.071,12.301,0.0279,14.909,0.0058
2026-02-18T12:07:35Z,44.844550,-0.573175,15.285,38.013,7.089,31.091,0.0127,4.766,0.0012,105.530,3.116,12.487,0.0282,14.551,0.0057
2026-02-18T12:07:36Z,44.844560,-0.573160,15.357,38.243,7.031,30.918,0.0126,4.700,0.0012,106.585,3.159,12.671,0.0285,14.187,0.0056
2026-02-18T12:07:37Z,44.844570,-0.573145,15.427,38.478,6.971,30.742,0.0125,4.626,0.0013,107.588,3.203,12.853,0.0288,13.818,0.0055
2026-02-18T12:07:38Z,44.844580,-0.573130,15.495,38.718,6.909,30.563,0.0124,4.545,0.0013,108.534,3.245,13.031,0.0290,13.445,0.0054
2026-02-18T12:07:39Z,44.844590,-0.573115,15.561,38.964,6.846,30.380,0.0122,4.457,0.0013,109.414,3.287,13.205,0.0292,13.069,0.0053
2026-02-18T12:07:40Z,44.844600,-0.573100,15.623,39.214,6.782,30.196,0.0121,4.362,0.0013,110.226,3.328,13.374,0.0294,12.690,0.0052
2026-02-18T12:07:41Z,44.844610,-0.573085,15.682,39.469,6.717,30.008,0.0119,4.262,0.0014,110.962,3.368,13.538,0.0296,12.310,0.0051
2026-02-18T12:07:42Z,44.844620,-0.573070,15.738,39.729,6.650,29.819,0.0117,4.155,0.0014,111.618,3.407,13.696,0.0297,12.071,0.0049
2026-02-18T12:07:43Z,44.844630,-0.573055,15.789,39.993,6.583,29.627,0.0115,4.044,0.0014,112.191,3.445,13.847,0.0298,12.452,0.0048
2026-02-18T12:07:44Z,44.844640,-0.573040,15.835,40.261,6.514,29.434,0.0113,3.928,0.0014,112.677,3.481,13.991,0.0299,12.831,0.0046
2026-02-18T12:07:45Z,44.844650,-0.573025,15.876,40.532,6.445,29.239,0.0110,3.808,0.0015,113.074,3.516,14.127,0.0300,13.209,0.0044
2026-02-18T12:07:46Z,44.844660,-0.573010,15.912,40.805,6.374,29.042,0.0108,3.684,0.0015,113.379,3.549,14.255,0.0300,13.584,0.0043
2026-02-18T12:07:47Z,44.844670,-0.572995,15.943,41.080,6.304,28.845,0.0105,3.558,0.0015,113.592,3.580,14.374,0.0300,13.956,0.0041
2026-02-18T12:07:48Z,44.844680,-0.572980,15.969,41.356,6.233,28.647,0.0103,3.429,0.0015,113.711,3.610,14.484,0.0300,14.323,0.0039
2026-02-18T12:07:49Z,44.844690,-0.572965,15.990,41.631,6.161,28.447,0.0100,3.297,0.0015,113.737,3.638,14.584,0.0299,14.684,0.0037
2026-02-18T12:07:50Z,44.844700,-0.572950,16.006,41.906,6.089,28.248,0.0097,3.165,0.0015,113.671,3.664,14.675,0.0298,15.040,0.0035
2026-02-18T12:07:51Z,44.844710,-0.572935,16.017,42.178,6.017,28.048,0.0094,3.032,0.0015,113.515,3.687,14.754,0.0297,15.389,0.0033
2026-02-18T12:07:52Z,44.844720,-0.572920,16.023,42.447,6.055,28.152,0.0091,3.101,0.0015,113.270,3.709,14.823,0.0296,15.730,0.0031
2026-02-18T12:07:53Z,44.844730,-0.572905,16.026,42.712,6.127,28.352,0.0088,3.234,0.0015,112.939,3.729,14.881,0.0294,16.063,0.0029
2026-02-18T12:07:54Z,44.844740,-0.572890,16.024,42.970,6.198,28.551,0.0084,3.366,0.0015,112.527,3.746,14.928,0.0292,16.386,0.0027
2026-02-18T12:07:55Z,44.844750,-0.572875,16.019,43.221,6.270,28.750,0.0081,3.496,0.0015,112.037,3.761,14.963,0.0290,16.700,0.0025
2026-02-18T12:07:56Z,44.844760,-0.572860,16.011,43.463,6.341,28.948,0.0078,3.624,0.0015,111.474,3.773,14.986,0.0288,17.002,0.0023
2026-02-18T12:07:57Z,44.844770,-0.572845,16.001,43.696,6.411,29.145,0.0074,3.749,0.0015,110.842,3.783,14.998,0.0285,17.294,0.0021
2026-02-18T12:07:58Z,44.844780,-0.572830,15.990,43.916,6.481,29.341,0.0071,3.871,0.0014,110.148,3.791,14.999,0.0282,17.573,0.0021
2026-02-18T12:07:59Z,44.844790,-0.572815,15.977,44.124,6.550,29.535,0.0067,3.989,0.0014,109.397,3.797,14.987,0.0279,17.840,0.0023
2026-02-18T12:08:00Z,44.844800,-0.572800,15.964,44.317,6.618,29.727,0.0064,4.103,0.0014,108.595,3.799,14.964,0.0276,18.094,0.0025
2026-02-18T12:08:01Z,44.844810,-0.572785,15.951,44.494,6.685,29.918,0.0060,4.212,0.0014,107.749,3.800,14.929,0.0272,18.334,0.0027
2026-02-18T12:08:02Z,44.844820,-0.572770,15.939,44.654,6.751,30.106,0.0057,4.315,0.0014,106.865,3.798,14.883,0.0268,18.559,0.0029
2026-02-18T12:08:03Z,44.844830,-0.572755,15.928,44.795,6.816,30.292,0.0053,4.412,0.0013,105.950,3.793,14.826,0.0264,18.770,0.0031
2026-02-18T12:08:04Z,44.844840,-0.572740,15.920,44.916,6.879,30.476,0.0051,4.504,0.0013,105.010,3.786,14.757,0.0260,18.965,0.0033
2026-02-18T12:08:05Z,44.844850,-0.572725,15.914,45.015,6.942,30.657,0.0054,4.588,0.0013,104.051,3.777,14.678,0.0255,19.144,0.0035
2026-02-18T12:08:06Z,44.844860,-0.572710,15.912,45.091,7.002,30.835,0.0058,4.666,0.0012,103.081,3.765,14.589,0.0250,19.308,0.0037
2026-02-18T12:08:07Z,44.844870,-0.572695,15.913,45.143,7.061,31.009,0.0062,4.736,0.0012,102.105,3.751,14.489,0.0245,19.454,0.0039
2026-02-18T12:08:08Z,44.844880,-0.572680,15.920,45.171,7.118,31.181,0.0065,4.798,0.0012,101.129,3.734,14.379,0.0240,19.584,0.0041
2026-02-18T12:08:09Z,44.844890,-0.572665,15.931,45.172,7.174,31.348,0.0069,4.852,0.0011,100.159,3.716,14.261,0.0235,19.697,0.0043
2026-02-18T12:08:10Z,44.844900,-0.572650,15.947,45.147,7.228,31.512,0.0072,4.898,0.0011,99.200,3.695,14.133,0.0229,19.792,0.0044
2026-02-18T12:08:11Z,44.844910,-0.572635,15.969,45.094,7.279,31.673,0.0076,4.936,0.0011,98.257,3.672,13.997,0.0223,19.869,0.0046
2026-02-18T12:08:12Z,44.844920,-0.572620,15.998,45.013,7.329,31.829,0.0079,4.965,0.0010,97.334,3.647,13.853,0.0217,19.929,0.0048
2026-02-18T12:08:13Z,44.844930,-0.572605,16.032,44.903,7.376,31.980,0.0082,4.986,0.0010,96.436,3.619,13.702,0.0211,19.971,0.0049
2026-02-18T12:08:14Z,44.844940,-0.572590,16.073,44.764,7.422,32.128,0.0086,4.997,0.0009,95.564,3.590,13.545,0.0205,19.994,0.0051
2026-02-18T12:08:15Z,44.844950,-0.572575,16.120,44.596,7.465,32.271,0.0089,5.000,0.0009,94.723,3.559,13.381,0.0199,20.000,0.0052
2026-02-18T12:08:16Z,44.844960,-0.572560,16.173,44.399,7.505,32.409,0.0092,4.994,0.0008,93.915,3.527,13.212,0.0192,19.987,0.0053
2026-02-18T12:08:17Z,44.844970,-0.572545,16.233,44.173,7.544,32.542,0.0095,4.979,0.0008,93.141,3.493,13.038,0.0186,19.956,0.0054
2026-02-18T12:08:18Z,44.844980,-0.572530,16.299,43.919,7.579,32.670,0.0098,4.955,0.0007,92.402,3.457,12.861,0.0179,19.907,0.0055
2026-02-18T12:08:19Z,44.844990,-0.572515,16.371,43.636,7.613,32.793,0.0101,4.922,0.0007,91.699,3.420,12.679,0.0172,19.841,0.0056
2026-02-18T12:08:20Z,44.845000,-0.572500,16.448,43.325,7.643,32.911,0.0104,4.881,0.0006,91.031,3.381,12.495,0.0165,19.756,0.0057
2026-02-18T12:08:21Z,44.845010,-0.572485,16.531,42.988,7.671,33.023,0.0106,4.832,0.0006,90.400,3.341,12.310,0.0158,19.654,0.0058
2026-02-18T12:08:22Z,44.845020,-0.572470,16.619,42.625,7.697,33.129,0.0109,4.774,0.0005,89.802,3.301,12.123,0.0151,19.534,0.0058
2026-02-18T12:08:23Z,44.845030,-0.572455,16.711,42.237,7.719,33.230,0.0111,4.709,0.0005,89.859,3.259,12.065,0.0144,19.398,0.0059
2026-02-18T12:08:24Z,44.845040,-0.572440,16.806,41.826,7.739,33.325,0.0114,4.636,0.0006,91.124,3.217,12.252,0.0136,19.245,0.0059
2026-02-18T12:08:25Z,44.845050,-0.572425,16.905,41.394,7.756,33.415,0.0116,4.555,0.0006,92.411,3.174,12.438,0.0129,19.075,0.0060
2026-02-18T12:08:26Z,44.845060,-0.572410,17.007,40.941,7.771,33.498,0.0118,4.468,0.0007,93.714,3.130,12.623,0.0122,18.889,0.0060
2026-02-18T12:08:27Z,44.845070,-0.572395,17.110,40.470,7.782,33.575,0.0120,4.374,0.0007,95.025,3.086,12.805,0.0114,18.688,0.0060
2026-02-18T12:08:28Z,44.845080,-0.572380,17.214,39.982,7.791,33.646,0.0121,4.274,0.0008,96.337,3.042,12.984,0.0107,18.471,0.0060
2026-02-18T12:08:29Z,44.845090,-0.572365,17.319,39.528,7.797,33.710,0.0123,4.169,0.0008,97.643,3.003,13.159,0.0100,18.240,0.0060
2026-02-18T12:08:30Z,44.845100,-0.572350,17.424,39.791,7.800,33.768,0.0124,4.058,0.0009,98.934,3.047,13.329,0.0108,17.995,0.0060
2026-02-18T12:08:31Z,44.845110,-0.572335,17.528,40.041,7.800,33.820,0.0126,3.943,0.0009,100.203,3.091,13.495,0.0115,17.736,0.0059
2026-02-18T12:08:32Z,44.845120,-0.572320,17.630,40.278,7.797,33.866,0.0127,3.823,0.0010,101.443,3.135,13.654,0.0123,17.464,0.0059
2026-02-18T12:08:33Z,44.845130,-0.572305,17.730,40.503,7.791,33.904,0.0128,3.700,0.0010,102.646,3.179,13.807,0.0130,17.179,0.0058
2026-02-18T12:08:34Z,44.845140,-0.572290,17.826,40.715,7.782,33.937,0.0128,3.574,0.0010,103.805,3.222,13.953,0.0137,16.883,0.0058
2026-02-18T12:08:35Z,44.845150,-0.572275,17.919,40.915,7.771,33.962,0.0129,3.445,0.0011,104.914,3.264,14.092,0.0145,16.576,0.0057
2026-02-18T12:08:36Z,44.845160,-0.572260,18.008,41.103,7.757,33.981,0.0130,3.314,0.0011,105.965,3.306,14.222,0.0152,16.258,0.0056
2026-02-18T12:08:37Z,44.845170,-0.572245,18.092,41.279,7.740,33.994,0.0130,3.181,0.0012,106.955,3.346,14.344,0.0159,15.931,0.0055
2026-02-18T12:08:38Z,44.845180,-0.572230,18.171,41.443,7.720,34.000,0.0130,3.048,0.0012,107.876,3.386,14.456,0.0166,15.595,0.0054
2026-02-18T12:08:39Z,44.845190,-0.572215,18.244,41.597,7.697,33.999,0.0130,3.085,0.0012,108.724,3.424,14.559,0.0173,15.251,0.0053
2026-02-18T12:08:40Z,44.845200,-0.572200,18.311,41.740,7.672,33.991,0.0130,3.218,0.0013,109.495,3.461,14.652,0.0180,14.899,0.0051
2026-02-18T12:08:41Z,44.845210,-0.572185,18.372,41.873,7.644,33.977,0.0129,3.350,0.0013,110.185,3.497,14.734,0.0186,14.541,0.0050
2026-02-18T12:08:42Z,44.845220,-0.572170,18.426,41.996,7.613,33.956,0.0129,3.480,0.0013,110.791,3.531,14.806,0.0193,14.177,0.0049
2026-02-18T12:08:43Z,44.845230,-0.572155,18.474,42.111,7.580,33.928,0.0128,3.608,0.0014,111.312,3.563,14.867,0.0200,13.808,0.0047
2026-02-18T12:08:44Z,44.845240,-0.572140,18.515,42.217,7.544,33.894,0.0127,3.734,0.0014,111.745,3.594,14.916,0.0206,13.435,0.0046
2026-02-18T12:08:45Z,44.845250,-0.572125,18.549,42.315,7.506,33.854,0.0126,3.856,0.0014,112.089,3.623,14.955,0.0212,13.059,0.0044
2026-02-18T12:08:46Z,44.845260,-0.572110,18.576,42.406,7.465,33.807,0.0125,3.975,0.0014,112.345,3.650,14.981,0.0218,12.680,0.0042
2026-02-18T12:08:47Z,44.845270,-0.572095,18.597,42.489,7.422,33.753,0.0124,4.089,0.0014,112.512,3.675,14.996,0.0224,12.300,0.0040
2026-02-18T12:08:48Z,44.845280,-0.572080,18.611,42.567,7.377,33.693,0.0122,4.198,0.0015,112.593,3.697,15.000,0.0230,12.081,0.0039
2026-02-18T12:08:49Z,44.845290,-0.572065,18.620,42.638,7.330,33.627,0.0121,4.302,0.0015,112.589,3.718,14.991,0.0235,12.462,0.0037
2026-02-18T12:08:50Z,44.845300,-0.572050,18.622,42.703,7.280,33.554,0.0119,4.401,0.0015,112.502,3.737,14.971,0.0241,12.841,0.0035
2026-02-18T12:08:51Z,44.845310,-0.572035,18.620,42.763,7.228,33.475,0.0117,4.493,0.0015,112.335,3.753,14.940,0.0246,13.219,0.0033
2026-02-18T12:08:52Z,44.845320,-0.572020,18.613,42.817,7.175,33.391,0.0115,4.578,0.0015,112.093,3.767,14.897,0.0251,13.594,0.0031
2026-02-18T12:08:53Z,44.845330,-0.572005,18.601,42.867,7.119,33.300,0.0113,4.656,0.0015,111.779,3.778,14.842,0.0256,13.965,0.0029
2026-02-18T12:08:54Z,44.845340,-0.571990,18.586,42.911,7.062,33.203,0.0111,4.727,0.0015,111.397,3.787,14.777,0.0260,14.332,0.0027
2026-02-18T12:08:55Z,44.845350,-0.571975,18.568,42.951,7.003,33.101,0.0108,4.791,0.0015,110.954,3.794,14.700,0.0264,14.694,0.0025
2026-02-18T12:08:56Z,44.845360,-0.571960,18.548,42.985,6.943,32.993,0.0106,4.846,0.0015,110.454,3.798,14.613,0.0269,15.049,0.0023
2026-02-18T12:08:57Z,44.845370,-0.571945,18.526,43.015,6.881,32.879,0.0103,4.893,0.0015,109.902,3.800,14.516,0.0272,15.398,0.0020
2026-02-18T12:08:58Z,44.845380,-0.571930,18.502,43.039,6.817,32.760,0.0100,4.932,0.0015,109.304,3.799,14.409,0.0276,15.739,0.0022
2026-02-18T12:08:59Z,44.845390,-0.571915,18.479,43.058,6.752,32.635,0.0097,4.962,0.0015,108.667,3.796,14.293,0.0279,16.071,0.0024
2026-02-18T12:09:00Z,44.845400,-0.571900,18.455,43.071,6.686,32.506,0.0094,4.984,0.0015,107.996,3.790,14.168,0.0283,16.395,0.0026
2026-02-18T12:09:01Z,44.845410,-0.571885,18.433,43.078,6.619,32.371,0.0091,4.996,0.0014,107.296,3.782,14.034,0.0285,16.708,0.0028
2026-02-18T12:09:02Z,44.845420,-0.571870,18.411,43.079,6.551,32.232,0.0088,5.000,0.0014,106.575,3.772,13.892,0.0288,17.010,0.0030
2026-02-18T12:09:03Z,44.845430,-0.571855,18.392,43.072,6.482,32.088,0.0085,4.995,0.0014,105.837,3.759,13.743,0.0291,17.301,0.0032
2026-02-18T12:09:04Z,44.845440,-0.571840,18.376,43.058,6.412,31.939,0.0082,4.981,0.0014,105.088,3.744,13.587,0.0293,17.581,0.0034
2026-02-18T12:09:05Z,44.845450,-0.571825,18.363,43.036,6.342,31.786,0.0078,4.958,0.0014,104.333,3.726,13.425,0.0294,17.847,0.0036
2026-02-18T12:09:06Z,44.845460,-0.571810,18.353,43.005,6.271,31.629,0.0075,4.927,0.0013,103.578,3.707,13.257,0.0296,18.100,0.0038
2026-02-18T12:09:07Z,44.845470,-0.571795,18.347,42.965,6.200,31.468,0.0071,4.887,0.0013,102.826,3.685,13.085,0.0297,18.340,0.0040
2026-02-18T12:09:08Z,44.845480,-0.571780,18.346,42.915,6.128,31.303,0.0068,4.838,0.0013,102.082,3.661,12.908,0.0298,18.565,0.0042
2026-02-18T12:09:09Z,44.845490,-0.571765,18.349,42.854,6.056,31.134,0.0064,4.782,0.0012,101.349,3.635,12.728,0.0299,18.775,0.0043
2026-02-18T12:09:10Z,44.845500,-0.571750,18.358,42.782,6.016,30.962,0.0061,4.717,0.0012,100.631,3.606,12.545,0.0300,18.970,0.0045
2026-02-18T12:09:11Z,44.845510,-0.571735,18.371,42.698,6.088,30.786,0.0057,4.645,0.0012,99.930,3.577,12.359,0.0300,19.149,0.0047
2026-02-18T12:09:12Z,44.845520,-0.571720,18.389,42.601,6.160,30.607,0.0053,4.566,0.0011,99.249,3.545,12.172,0.0300,19.312,0.0048
2026-02-18T12:09:13Z,44.845530,-0.571705,18.412,42.490,6.231,30.426,0.0050,4.479,0.0011,98.589,3.512,12.015,0.0300,19.458,0.0050
2026-02-18T12:09:14Z,44.845540,-0.571690,18.440,42.366,6.302,30.242,0.0054,4.386,0.0010,97.951,3.477,12.202,0.0299,19.587,0.0051
2026-02-18T12:09:15Z,44.845550,-0.571675,18.472,42.227,6.373,30.055,0.0058,4.287,0.0010,97.336,3.440,12.389,0.0298,19.699,0.0052
2026-02-18T12:09:16Z,44.845560,-0.571660,18.509,42.073,6.443,29.866,0.0061,4.182,0.0010,96.744,3.402,12.574,0.0297,19.794,0.0053
2026-02-18T12:09:17Z,44.845570,-0.571645,18.551,41.904,6.513,29.675,0.0065,4.072,0.0009,96.174,3.363,12.757,0.0296,19.871,0.0055
2026-02-18T12:09:18Z,44.845580,-0.571630,18.595,41.719,6.581,29.482,0.0068,3.957,0.0009,95.625,3.323,12.937,0.0294,19.930,0.0056
2026-02-18T12:09:19Z,44.845590,-0.571615,18.644,41.518,6.649,29.287,0.0072,3.838,0.0008,95.096,3.282,13.113,0.0292,19.971,0.0056
2026-02-18T12:09:20Z,44.845600,-0.571600,18.695,41.301,6.716,29.091,0.0075,3.715,0.0008,94.586,3.240,13.285,0.0290,19.995,0.0057
2026-02-18T12:09:21Z,44.845610,-0.571585,18.748,41.067,6.781,28.894,0.0079,3.589,0.0007,94.092,3.197,13.451,0.0287,20.000,0.0058
2026-02-18T12:09:22Z,44.845620,-0.571570,18.804,40.817,6.845,28.696,0.0082,3.461,0.0007,93.611,3.154,13.613,0.0285,19.986,0.0059
2026-02-18T12:09:23Z,44.845630,-0.571555,18.860,40.551,6.908,28.497,0.0085,3.330,0.0006,93.141,3.110,13.767,0.0282,19.955,0.0059
2026-02-18T12:09:24Z,44.845640,-0.571540,18.916,40.268,6.970,28.297,0.0089,3.198,0.0006,92.679,3.066,13.915,0.0278,19.906,0.0059
2026-02-18T12:09:25Z,44.845650,-0.571525,18.973,39.970,7.029,28.097,0.0092,3.065,0.0005,92.222,3.022,14.056,0.0275,19.839,0.0060
2026-02-18T12:09:26Z,44.845660,-0.571510,19.028,40.056,7.088,28.103,0.0095,3.068,0.0005,92.690,3.023,14.188,0.0271,19.754,0.0060
2026-02-18T12:09:27Z,44.845670,-0.571495,19.082,40.504,7.144,28.303,0.0098,3.201,0.0006,94.030,3.067,14.312,0.0267,19.651,0.0060
2026-02-18T12:09:28Z,44.845680,-0.571480,19.134,40.934,7.199,28.502,0.0101,3.334,0.0006,95.359,3.111,14.427,0.0263,19.531,0.0060
2026-02-18T12:09:29Z,44.845690,-0.571465,19.183,41.346,7.252,28.701,0.0103,3.464,0.0007,96.668,3.155,14.532,0.0259,19.394,0.0060
2026-02-18T12:09:30Z,44.845700,-0.571450,19.228,41.737,7.302,28.899,0.0106,3.593,0.0007,97.950,3.198,14.628,0.0254,19.240,0.0060
2026-02-18T12:09:31Z,44.845710,-0.571435,19.269,42.105,7.351,29.096,0.0109,3.719,0.0008,99.199,3.241,14.713,0.0249,19.070,0.0059
2026-02-18T12:09:32Z,44.845720,-0.571420,19.305,42.451,7.397,29.292,0.0111,3.841,0.0008,100.408,3.283,14.788,0.0244,18.884,0.0059
2026-02-18T12:09:33Z,44.845730,-0.571405,19.335,42.773,7.442,29.487,0.0113,3.960,0.0009,101.569,3.324,14.852,0.0239,18.682,0.0058
2026-02-18T12:09:34Z,44.845740,-0.571390,19.360,43.070,7.484,29.680,0.0115,4.075,0.0009,102.677,3.364,14.904,0.0234,18.465,0.0057
2026-02-18T12:09:35Z,44.845750,-0.571375,19.379,43.342,7.523,29.871,0.0117,4.185,0.0010,103.726,3.403,14.946,0.0228,18.234,0.0057
2026-02-18T12:09:36Z,44.845760,-0.571360,19.391,43.588,7.560,30.060,0.0119,4.290,0.0010,104.712,3.441,14.975,0.0222,17.988,0.0056
2026-02-18T12:09:37Z,44.845770,-0.571345,19.397,43.808,7.595,30.247,0.0121,4.389,0.0010,105.630,3.478,14.994,0.0216,17.728,0.0055
2026-02-18T12:09:38Z,44.845780,-0.571330,19.395,44.001,7.627,30.431,0.0123,4.482,0.0011,106.477,3.512,15.000,0.0210,17.456,0.0054
2026-02-18T12:09:39Z,44.845790,-0.571315,19.386,44.169,7.657,30.612,0.0124,4.568,0.0011,107.248,3.546,14.995,0.0204,17.171,0.0052
2026-02-18T12:09:40Z,44.845800,-0.571300,19.369,44.309,7.683,30.791,0.0125,4.647,0.0012,107.942,3.577,14.978,0.0198,16.875,0.0051
2026-02-18T12:09:41Z,44.845810,-0.571285,19.346,44.424,7.708,30.966,0.0127,4.719,0.0012,108.557,3.607,14.949,0.0191,16.568,0.0050
2026-02-18T12:09:42Z,44.845820,-0.571270,19.315,44.514,7.729,31.138,0.0128,4.783,0.0012,109.091,3.635,14.909,0.0184,16.250,0.0048
2026-02-18T12:09:43Z,44.845830,-0.571255,19.277,44.578,7.748,31.307,0.0128,4.840,0.0013,109.545,3.661,14.858,0.0178,15.922,0.0047
2026-02-18T12:09:44Z,44.845840,-0.571240,19.232,44.618,7.763,31.472,0.0129,4.888,0.0013,109.919,3.685,14.795,0.0171,15.586,0.0045
2026-02-18T12:09:45Z,44.845850,-0.571225,19.180,44.634,7.776,31.633,0.0129,4.928,0.0013,110.213,3.707,14.722,0.0164,15.242,0.0043
2026-02-18T12:09:46Z,44.845860,-0.571210,19.122,44.627,7.787,31.790,0.0130,4.959,0.0014,110.429,3.727,14.638,0.0157,14.890,0.0042
2026-02-18T12:09:47Z,44.845870,-0.571195,19.059,44.599,7.794,31.943,0.0130,4.981,0.0014,110.568,3.744,14.543,0.0150,14.531,0.0040
2026-02-18T12:09:48Z,44.845880,-0.571180,18.990,44.550,7.798,32.092,0.0130,4.995,0.0014,110.635,3.759,14.439,0.0142,14.167,0.0038
2026-02-18T12:09:49Z,44.845890,-0.571165,18.917,44.481,7.800,32.236,0.0130,5.000,0.0014,110.632,3.772,14.325,0.0135,13.798,0.0036
2026-02-18T12:09:50Z,44.845900,-0.571150,18.839,44.393,7.799,32.375,0.0129,4.996,0.0014,110.562,3.783,14.202,0.0128,13.425,0.0034
2026-02-18T12:09:51Z,44.845910,-0.571135,18.758,44.288,7.795,32.509,0.0129,4.983,0.0015,110.430,3.791,14.070,0.0120,13.049,0.0032
2026-02-18T12:09:52Z,44.845920,-0.571120,18.674,44.167,7.787,32.639,0.0128,4.961,0.0015,110.240,3.796,13.931,0.0113,12.670,0.0030
2026-02-18T12:09:53Z,44.845930,-0.571105,18.587,44.031,7.778,32.763,0.0127,4.931,0.0015,109.996,3.799,13.783,0.0106,12.290,0.0028
2026-02-18T12:09:54Z,44.845940,-0.571090,18.500,43.882,7.765,32.882,0.0127,4.892,0.0015,109.705,3.800,13.629,0.0102,12.091,0.0026
2026-02-18T12:09:55Z,44.845950,-0.571075,18.411,43.720,7.749,32.996,0.0125,4.845,0.0015,109.370,3.798,13.469,0.0109,12.472,0.0024
2026-02-18T12:09:56Z,44.845960,-0.571060,18.323,43.547,7.731,33.104,0.0124,4.789,0.0015,108.997,3.794,13.302,0.0117,12.851,0.0022
2026-02-18T12:09:57Z,44.845970,-0.571045,18.235,43.364,7.710,33.206,0.0123,4.726,0.0015,108.591,3.787,13.131,0.0124,13.229,0.0020
2026-02-18T12:09:58Z,44.845980,-0.571030,18.148,43.172,7.686,33.302,0.0121,4.654,0.0015,108.158,3.778,12.955,0.0131,13.604,0.0022
2026-02-18T12:09:59Z,44.845990,-0.571015,18.063,42.973,7.659,33.393,0.0119,4.576,0.0015,107.702,3.766,12.776,0.0139,13.975,0.0024
